,tpep_pickup_datetime,tpep_dropoff_datetime,passenger_count,trip_distance,PULocationID,DOLocationID,payment_type,fare_amount,extra,mta_tax,tip_amount,tolls_amount,total_amount,congestion_surcharge,airport_fee,taxi_type
0,2023-01-01 00:32:10,2023-01-01 00:40:36,1.0,0.97,161,141,2,9.3,1.0,0.5,0.0,0.0,14.3,2.5,0.0,yellow_taxi
1,2023-01-01 00:55:08,2023-01-01 01:01:27,1.0,1.1,43,237,1,7.9,1.0,0.5,4.0,0.0,16.9,2.5,0.0,yellow_taxi
2,2023-01-01 00:25:04,2023-01-01 00:37:49,1.0,2.51,48,238,1,14.9,1.0,0.5,15.0,0.0,34.9,2.5,0.0,yellow_taxi
3,2023-01-01 00:03:48,2023-01-01 00:13:25,0.0,1.9,138,7,1,12.1,7.25,0.5,0.0,0.0,20.85,0.0,1.25,yellow_taxi
4,2023-01-01 00:10:29,2023-01-01 00:21:19,1.0,1.43,107,79,1,11.4,1.0,0.5,3.28,0.0,19.68,2.5,0.0,yellow_taxi
5,2023-01-01 00:50:34,2023-01-01 01:02:52,1.0,1.84,161,137,1,12.8,1.0,0.5,10.0,0.0,27.8,2.5,0.0,yellow_taxi
6,2023-01-01 00:09:22,2023-01-01 00:19:49,1.0,1.66,239,143,1,12.1,1.0,0.5,3.42,0.0,20.52,2.5,0.0,yellow_taxi
7,2023-01-01 00:27:12,2023-01-01 00:49:56,1.0,11.7,142,200,1,45.7,1.0,0.5,10.74,3.0,64.44,2.5,0.0,yellow_taxi
8,2023-01-01 00:21:44,2023-01-01 00:36:40,1.0,2.95,164,236,1,17.7,1.0,0.5,5.68,0.0,28.38,2.5,0.0,yellow_taxi
9,2023-01-01 00:39:42,2023-01-01 00:50:36,1.0,3.01,141,107,2,14.9,1.0,0.5,0.0,0.0,19.9,2.5,0.0,yellow_taxi
10,2023-01-01 00:53:01,2023-01-01 01:01:45,1.0,1.8,234,68,1,11.4,1.0,0.5,3.28,0.0,19.68,2.5,0.0,yellow_taxi
11,2023-01-01 00:43:37,2023-01-01 01:17:18,4.0,7.3,79,264,1,33.8,3.5,0.5,7.75,0.0,46.55,2.5,0.0,yellow_taxi
12,2023-01-01 00:34:44,2023-01-01 01:04:25,1.0,3.23,164,143,1,26.1,1.0,0.5,6.22,0.0,37.32,2.5,0.0,yellow_taxi
13,2023-01-01 00:09:29,2023-01-01 00:29:23,2.0,11.43,138,33,1,44.3,6.0,0.5,13.26,0.0,66.31,0.0,1.25,yellow_taxi
14,2023-01-01 00:33:53,2023-01-01 00:49:15,1.0,2.95,33,61,1,17.7,1.0,0.5,4.04,0.0,24.24,0.0,0.0,yellow_taxi
15,2023-01-01 00:13:04,2023-01-01 00:22:10,1.0,1.52,79,186,1,10.0,1.0,0.5,1.25,0.0,16.25,2.5,0.0,yellow_taxi
16,2023-01-01 00:45:11,2023-01-01 01:07:39,1.0,2.23,90,48,1,19.8,1.0,0.5,4.96,0.0,29.76,2.5,0.0,yellow_taxi
17,2023-01-01 00:04:33,2023-01-01 00:19:22,1.0,4.5,113,255,1,20.5,3.5,0.5,4.0,0.0,29.5,2.5,0.0,yellow_taxi
18,2023-01-01 00:03:36,2023-01-01 00:09:36,3.0,1.2,237,239,2,8.6,3.5,0.5,0.0,0.0,13.6,2.5,0.0,yellow_taxi
19,2023-01-01 00:15:23,2023-01-01 00:29:41,2.0,2.5,143,229,2,15.6,3.5,0.5,0.0,0.0,20.6,2.5,0.0,yellow_taxi
20,2023-01-01 00:51:45,2023-01-01 00:58:18,1.0,1.4,137,79,1,9.3,3.5,0.5,2.85,0.0,17.15,2.5,0.0,yellow_taxi
21,2023-01-01 00:13:30,2023-01-01 00:44:00,1.0,17.8,132,116,1,70.0,1.25,0.5,15.85,6.55,95.15,0.0,1.25,yellow_taxi
22,2023-01-01 00:21:49,2023-01-01 00:29:15,4.0,0.8,163,161,4,8.6,3.5,0.5,0.0,0.0,13.6,2.5,0.0,yellow_taxi
23,2023-01-01 00:52:06,2023-01-01 01:02:18,2.0,1.7,161,164,4,11.4,3.5,0.5,0.0,0.0,16.4,2.5,0.0,yellow_taxi
24,2023-01-01 00:19:12,2023-01-01 00:38:27,1.0,5.7,161,87,1,26.8,1.0,0.5,6.36,0.0,38.16,2.5,0.0,yellow_taxi
25,2023-01-01 00:31:41,2023-01-01 00:51:10,1.0,1.18,68,164,1,17.0,1.0,0.5,6.6,0.0,28.6,2.5,0.0,yellow_taxi
26,2023-01-01 00:58:49,2023-01-01 01:16:03,1.0,2.42,164,232,1,17.0,1.0,0.5,4.4,0.0,26.4,2.5,0.0,yellow_taxi
27,2023-01-01 00:22:24,2023-01-01 00:35:11,2.0,2.3,43,262,1,13.5,3.5,0.5,3.7,0.0,22.2,2.5,0.0,yellow_taxi
28,2023-01-01 00:40:13,2023-01-01 00:43:03,1.0,0.7,263,262,1,5.1,3.5,0.5,1.82,0.0,11.92,2.5,0.0,yellow_taxi
29,2023-01-01 00:54:05,2023-01-01 00:59:36,1.0,1.2,263,229,1,7.9,3.5,0.5,2.55,0.0,15.45,2.5,0.0,yellow_taxi
30,2023-01-01 00:31:30,2023-01-01 00:46:51,2.0,4.1,170,75,2,19.1,3.5,0.5,0.0,0.0,24.1,2.5,0.0,yellow_taxi
31,2023-01-01 00:51:55,2023-01-01 01:19:20,1.0,9.5,263,36,1,38.7,3.5,0.5,15.05,6.55,65.3,2.5,0.0,yellow_taxi
32,2023-01-01 00:27:16,2023-01-01 00:59:51,4.0,2.02,163,186,2,26.1,1.0,0.5,0.0,0.0,31.1,2.5,0.0,yellow_taxi
33,2023-01-01 00:18:08,2023-01-01 00:32:43,1.0,2.17,161,107,2,14.2,1.0,0.5,0.0,0.0,19.2,2.5,0.0,yellow_taxi
34,2023-01-01 00:39:14,2023-01-01 00:47:26,2.0,2.41,233,263,1,12.1,1.0,0.5,3.42,0.0,20.52,2.5,0.0,yellow_taxi
35,2023-01-01 00:54:20,2023-01-01 00:56:49,2.0,0.6,236,75,1,5.1,1.0,0.5,2.02,0.0,12.12,2.5,0.0,yellow_taxi
36,2023-01-01 00:03:52,2023-01-01 00:18:27,1.0,5.01,144,140,1,23.3,1.0,0.5,5.66,0.0,33.96,2.5,0.0,yellow_taxi
37,2023-01-01 00:23:52,2023-01-01 00:41:20,1.0,3.24,229,246,1,19.1,1.0,0.5,3.0,0.0,27.1,2.5,0.0,yellow_taxi
38,2023-01-01 00:43:39,2023-01-01 01:00:58,1.0,2.7,68,231,1,16.3,1.0,0.5,4.26,0.0,25.56,2.5,0.0,yellow_taxi
39,2023-01-01 00:11:19,2023-01-01 00:17:36,2.0,1.2,249,79,1,7.9,1.0,0.5,2.0,0.0,14.9,2.5,0.0,yellow_taxi
40,2023-01-01 00:15:13,2023-01-01 00:24:45,5.0,1.3,79,170,1,10.7,1.0,0.5,3.14,0.0,18.84,2.5,0.0,yellow_taxi
41,2023-01-01 00:30:31,2023-01-01 00:47:03,5.0,2.32,170,43,1,16.3,1.0,0.5,5.32,0.0,26.62,2.5,0.0,yellow_taxi
42,2023-01-01 00:47:59,2023-01-01 01:16:34,5.0,2.35,43,233,1,23.3,1.0,0.5,5.66,0.0,33.96,2.5,0.0,yellow_taxi
43,2023-01-01 00:21:29,2023-01-01 00:25:11,1.0,0.61,79,4,1,5.8,1.0,0.5,2.16,0.0,12.96,2.5,0.0,yellow_taxi
44,2023-01-01 00:35:13,2023-01-01 00:46:47,1.0,2.27,79,162,1,13.5,1.0,0.5,3.7,0.0,22.2,2.5,0.0,yellow_taxi
45,2023-01-01 00:56:38,2023-01-01 01:00:02,1.0,0.82,229,141,1,5.8,1.0,0.5,2.16,0.0,12.96,2.5,0.0,yellow_taxi
46,2023-01-01 00:47:20,2023-01-01 00:54:36,2.0,1.72,162,224,2,10.0,1.0,0.5,0.0,0.0,15.0,2.5,0.0,yellow_taxi
47,2023-01-01 00:56:22,2023-01-01 01:10:38,2.0,1.75,224,68,1,14.9,1.0,0.5,3.98,0.0,23.88,2.5,0.0,yellow_taxi
48,2023-01-01 00:41:41,2023-01-01 01:19:32,1.0,11.11,132,61,1,47.8,1.0,0.5,10.31,0.0,61.86,0.0,1.25,yellow_taxi
49,2023-01-01 00:20:24,2023-01-01 00:23:54,2.0,0.2,236,236,2,5.1,3.5,0.5,0.0,0.0,10.1,2.5,0.0,yellow_taxi
50,2023-01-01 00:34:28,2023-01-01 00:48:30,1.0,2.4,142,170,2,15.6,3.5,0.5,0.0,0.0,20.6,2.5,0.0,yellow_taxi
51,2023-01-01 00:56:04,2023-01-01 01:09:09,2.0,2.9,107,145,1,15.6,3.5,0.5,5.4,6.55,32.55,2.5,0.0,yellow_taxi
52,2023-01-01 00:13:29,2023-01-01 00:23:51,1.0,1.2,164,161,2,10.0,3.5,0.5,0.0,0.0,15.0,2.5,0.0,yellow_taxi
53,2023-01-01 00:25:34,2023-01-01 00:36:24,1.0,1.6,161,140,2,10.7,3.5,0.5,0.0,0.0,15.7,2.5,0.0,yellow_taxi
54,2023-01-01 00:46:17,2023-01-01 01:25:30,1.0,3.3,43,125,1,30.3,3.5,0.5,2.0,0.0,37.3,2.5,0.0,yellow_taxi
55,2023-01-01 00:22:32,2023-01-01 00:32:55,2.0,2.35,142,24,1,13.5,1.0,0.5,3.7,0.0,22.2,2.5,0.0,yellow_taxi
56,2023-01-01 00:36:54,2023-01-01 00:55:55,1.0,3.4,151,237,1,20.5,1.0,0.5,7.65,0.0,33.15,2.5,0.0,yellow_taxi
57,2023-01-01 00:38:12,2023-01-01 00:44:00,1.0,1.15,236,43,1,7.9,1.0,0.5,1.94,0.0,14.84,2.5,0.0,yellow_taxi
58,2023-01-01 00:45:25,2023-01-01 00:50:14,1.0,0.86,239,239,1,7.2,1.0,0.5,5.0,0.0,17.2,2.5,0.0,yellow_taxi
59,2023-01-01 00:22:39,2023-01-01 01:30:45,1.0,16.02,132,265,2,61.1,1.0,0.5,0.0,0.0,64.85,0.0,1.25,yellow_taxi
60,2023-01-01 00:20:07,2023-01-01 00:40:55,1.0,3.31,68,163,1,21.9,1.0,0.5,2.0,0.0,28.9,2.5,0.0,yellow_taxi
61,2023-01-01 00:42:11,2023-01-01 00:43:02,1.0,0.03,163,163,2,3.0,1.0,0.5,0.0,0.0,8.0,2.5,0.0,yellow_taxi
62,2023-01-01 00:44:55,2023-01-01 00:56:46,1.0,1.38,163,233,1,12.1,1.0,0.5,3.42,0.0,20.52,2.5,0.0,yellow_taxi
63,2023-01-01 00:59:58,2023-01-01 01:11:43,1.0,2.04,137,114,1,13.5,1.0,0.5,3.7,0.0,22.2,2.5,0.0,yellow_taxi
64,2023-01-01 00:18:29,2023-01-01 00:55:20,1.0,11.3,163,225,1,48.5,3.5,0.5,10.7,0.0,64.2,2.5,0.0,yellow_taxi
65,2023-01-01 00:20:45,2023-01-01 00:34:37,1.0,3.31,137,236,2,16.3,1.0,0.5,0.0,0.0,21.3,2.5,0.0,yellow_taxi
66,2023-01-01 00:46:17,2023-01-01 01:14:16,1.0,9.0,239,211,1,39.4,1.0,0.5,11.1,0.0,55.5,2.5,0.0,yellow_taxi
67,2023-01-01 00:29:27,2023-01-01 00:48:01,3.0,3.0,211,246,1,19.8,3.5,0.5,0.0,0.0,24.8,2.5,0.0,yellow_taxi
68,2023-01-01 00:56:44,2023-01-01 01:01:46,1.0,0.4,68,158,1,6.5,3.5,0.5,1.5,0.0,13.0,2.5,0.0,yellow_taxi
69,2023-01-01 00:08:33,2023-01-01 00:10:20,4.0,0.3,148,79,1,3.7,3.5,0.5,1.7,0.0,10.4,2.5,0.0,yellow_taxi
70,2023-01-01 00:27:27,2023-01-01 00:37:08,2.0,1.3,148,79,1,9.3,3.5,0.5,2.85,0.0,17.15,2.5,0.0,yellow_taxi
71,2023-01-01 00:38:45,2023-01-01 00:41:16,2.0,0.3,79,107,1,4.4,3.5,0.5,1.0,0.0,10.4,2.5,0.0,yellow_taxi
72,2023-01-01 00:46:47,2023-01-01 00:56:10,1.0,1.7,79,170,1,10.7,3.5,0.5,0.0,0.0,15.7,2.5,0.0,yellow_taxi
73,2023-01-01 00:10:20,2023-01-01 00:23:09,1.0,2.79,238,42,1,14.9,1.0,0.5,3.98,0.0,23.88,2.5,0.0,yellow_taxi
74,2023-01-01 00:32:47,2023-01-01 00:50:03,2.0,2.91,107,231,1,17.7,1.0,0.5,4.54,0.0,27.24,2.5,0.0,yellow_taxi
75,2023-01-01 00:52:15,2023-01-01 01:01:38,1.0,1.69,231,158,1,11.4,1.0,0.5,2.0,0.0,18.4,2.5,0.0,yellow_taxi
76,2023-01-01 00:10:02,2023-01-01 00:16:02,1.0,0.82,238,238,1,7.9,1.0,0.5,3.22,0.0,16.12,2.5,0.0,yellow_taxi
77,2023-01-01 00:18:10,2023-01-01 00:20:14,1.0,0.52,237,236,1,5.1,1.0,0.5,2.02,0.0,12.12,2.5,0.0,yellow_taxi
78,2023-01-01 00:24:02,2023-01-01 00:33:29,1.0,1.97,263,151,1,12.1,1.0,0.5,1.0,0.0,18.1,2.5,0.0,yellow_taxi
79,2023-01-01 00:37:07,2023-01-01 00:54:47,1.0,3.1,238,48,2,19.1,1.0,0.5,0.0,0.0,24.1,2.5,0.0,yellow_taxi
80,2022-12-31 23:51:30,2022-12-31 23:56:06,1.0,0.86,141,140,1,6.5,1.0,0.5,2.0,0.0,13.5,2.5,0.0,yellow_taxi
81,2023-01-01 00:15:17,2023-01-01 00:23:01,2.0,0.64,43,161,2,7.9,1.0,0.5,0.0,0.0,12.9,2.5,0.0,yellow_taxi
82,2023-01-01 00:23:56,2023-01-01 00:56:41,1.0,4.41,161,261,1,28.2,1.0,0.5,8.3,0.0,41.5,2.5,0.0,yellow_taxi
83,2023-01-01 00:09:36,2023-01-01 00:16:32,1.0,0.64,79,148,1,7.9,1.0,0.5,1.29,0.0,14.19,2.5,0.0,yellow_taxi
84,2023-01-01 00:19:29,2023-01-01 00:26:22,1.0,1.08,148,232,1,8.6,1.0,0.5,2.72,0.0,16.32,2.5,0.0,yellow_taxi
85,2023-01-01 00:09:41,2023-01-01 00:21:28,1.0,3.04,68,13,1,15.6,1.0,0.5,2.4,0.0,23.0,2.5,0.0,yellow_taxi
86,2023-01-01 00:22:53,2023-01-01 00:32:23,1.0,1.71,13,211,1,11.4,1.0,0.5,4.1,0.0,20.5,2.5,0.0,yellow_taxi
87,2023-01-01 00:35:39,2023-01-01 01:07:01,2.0,3.05,211,50,1,28.2,1.0,0.5,6.64,0.0,39.84,2.5,0.0,yellow_taxi
88,2023-01-01 00:10:52,2023-01-01 00:18:23,2.0,1.29,238,238,2,9.3,1.0,0.5,0.0,0.0,14.3,2.5,0.0,yellow_taxi
89,2023-01-01 00:25:14,2023-01-01 01:00:29,3.0,11.19,239,133,1,49.2,1.0,0.5,12.15,6.55,72.9,2.5,0.0,yellow_taxi
90,2023-01-01 00:37:44,2023-01-01 01:16:14,1.0,11.03,132,188,1,51.3,1.0,0.5,13.45,0.0,68.5,0.0,1.25,yellow_taxi
91,2023-01-01 00:49:24,2023-01-01 01:30:59,1.0,13.54,132,149,1,61.8,1.0,0.5,12.86,0.0,78.41,0.0,1.25,yellow_taxi
92,2023-01-01 00:20:23,2023-01-01 00:24:55,1.0,1.4,137,229,1,7.9,3.5,0.5,2.55,0.0,15.45,2.5,0.0,yellow_taxi
93,2023-01-01 00:27:20,2023-01-01 00:31:13,1.0,1.1,229,262,1,7.2,3.5,0.5,2.4,0.0,14.6,2.5,0.0,yellow_taxi
94,2023-01-01 00:36:16,2023-01-01 00:45:55,1.0,1.6,262,229,1,11.4,3.5,0.5,3.0,0.0,19.4,2.5,0.0,yellow_taxi
95,2023-01-01 00:20:38,2023-01-01 00:21:26,1.0,0.08,75,75,2,3.0,1.0,0.5,0.0,0.0,5.5,0.0,0.0,yellow_taxi
96,2023-01-01 00:09:16,2023-01-01 00:30:17,1.0,6.22,138,95,2,31.0,6.0,0.5,0.0,0.0,39.75,0.0,1.25,yellow_taxi
97,2023-01-01 00:46:56,2023-01-01 00:59:16,1.0,4.56,132,218,1,20.5,1.0,0.5,5.75,0.0,30.0,0.0,1.25,yellow_taxi
98,2023-01-01 00:10:50,2023-01-01 00:20:19,1.0,1.41,264,186,1,10.7,1.0,0.5,3.92,0.0,19.62,2.5,0.0,yellow_taxi
99,2023-01-01 00:27:35,2023-01-01 00:37:49,1.0,1.7,264,114,1,11.4,1.0,0.5,2.0,0.0,18.4,2.5,0.0,yellow_taxi
100,2023-01-01 00:42:01,2023-01-01 00:49:44,1.0,1.14,264,79,1,8.6,1.0,0.5,2.72,0.0,16.32,2.5,0.0,yellow_taxi
101,2023-01-01 00:53:36,2023-01-01 01:34:51,1.0,6.19,264,239,1,40.1,1.0,0.5,9.02,0.0,54.12,2.5,0.0,yellow_taxi
102,2023-01-01 00:24:41,2023-01-01 00:31:46,1.0,1.0,43,239,1,8.6,3.5,0.5,3.4,0.0,17.0,2.5,0.0,yellow_taxi
103,2023-01-01 00:33:27,2023-01-01 00:58:20,2.0,3.0,239,68,1,23.3,3.5,0.5,3.0,0.0,31.3,2.5,0.0,yellow_taxi
104,2023-01-01 00:59:52,2023-01-01 01:24:47,1.0,3.7,68,261,2,24.7,3.5,0.5,0.0,0.0,29.7,2.5,0.0,yellow_taxi
105,2023-01-01 00:11:29,2023-01-01 00:28:52,1.0,3.15,237,234,1,17.7,1.0,0.5,4.54,0.0,27.24,2.5,0.0,yellow_taxi
106,2023-01-01 00:30:54,2023-01-01 00:42:38,1.0,1.75,90,48,1,12.8,1.0,0.5,5.34,0.0,23.14,2.5,0.0,yellow_taxi
107,2023-01-01 00:04:56,2023-01-01 00:08:49,1.0,0.71,125,231,1,6.5,1.0,0.5,1.72,0.0,13.22,2.5,0.0,yellow_taxi
108,2023-01-01 00:16:09,2023-01-01 00:21:15,1.0,0.67,125,231,1,6.5,1.0,0.5,0.0,0.0,11.5,2.5,0.0,yellow_taxi
109,2023-01-01 00:23:15,2023-01-01 00:59:20,1.0,6.14,231,238,1,38.7,1.0,0.5,8.74,0.0,52.44,2.5,0.0,yellow_taxi
110,2023-01-01 00:04:45,2023-01-01 00:45:38,1.0,9.7,161,228,1,50.6,3.5,0.5,16.65,0.0,72.25,2.5,0.0,yellow_taxi
111,2023-01-01 00:24:04,2023-01-01 00:31:20,2.0,1.16,186,107,1,8.6,1.0,0.5,2.72,0.0,16.32,2.5,0.0,yellow_taxi
112,2023-01-01 00:33:39,2023-01-01 00:39:51,1.0,1.44,107,233,1,8.6,1.0,0.5,1.5,0.0,15.1,2.5,0.0,yellow_taxi
113,2023-01-01 00:41:20,2023-01-01 00:52:41,2.0,2.73,162,263,2,14.2,1.0,0.5,0.0,0.0,19.2,2.5,0.0,yellow_taxi
114,2023-01-01 00:54:41,2023-01-01 01:06:39,1.0,3.53,263,137,1,18.4,1.0,0.5,5.85,0.0,29.25,2.5,0.0,yellow_taxi
115,2023-01-01 00:04:08,2023-01-01 00:10:54,3.0,0.7,264,264,2,7.2,3.5,0.5,0.0,0.0,12.2,2.5,0.0,yellow_taxi
116,2023-01-01 00:21:30,2023-01-01 00:32:18,2.0,1.1,264,137,1,9.3,3.5,0.5,1.5,0.0,15.8,2.5,0.0,yellow_taxi
117,2023-01-01 00:36:10,2023-01-01 00:57:32,1.0,9.0,137,212,1,35.9,3.5,0.5,0.0,0.0,40.9,2.5,0.0,yellow_taxi
118,2023-01-01 00:33:16,2023-01-01 00:55:59,4.0,4.53,141,231,1,24.0,1.0,0.5,7.25,0.0,36.25,2.5,0.0,yellow_taxi
119,2023-01-01 00:17:54,2023-01-01 00:21:18,1.0,1.02,239,238,2,6.5,1.0,0.5,0.0,0.0,11.5,2.5,0.0,yellow_taxi
120,2023-01-01 00:24:54,2023-01-01 00:38:57,1.0,2.86,238,141,1,17.0,1.0,0.5,4.4,0.0,26.4,2.5,0.0,yellow_taxi
121,2023-01-01 00:44:05,2023-01-01 00:52:03,1.0,1.91,237,262,1,10.7,1.0,0.5,3.14,0.0,18.84,2.5,0.0,yellow_taxi
122,2023-01-01 00:58:14,2023-01-01 01:11:49,1.0,5.62,236,79,1,23.3,1.0,0.5,7.08,0.0,35.38,2.5,0.0,yellow_taxi
123,2023-01-01 00:24:19,2023-01-01 00:27:38,1.0,0.74,229,233,1,5.8,1.0,0.5,2.0,0.0,12.8,2.5,0.0,yellow_taxi
124,2023-01-01 00:36:04,2023-01-01 00:49:27,1.0,3.07,137,263,1,15.6,1.0,0.5,3.09,0.0,23.69,2.5,0.0,yellow_taxi
125,2023-01-01 00:53:50,2023-01-01 01:15:46,1.0,7.05,263,144,1,32.4,1.0,0.5,4.0,0.0,41.4,2.5,0.0,yellow_taxi
126,2023-01-01 00:52:53,2023-01-01 01:07:25,1.0,2.61,141,107,2,15.6,1.0,0.5,0.0,0.0,20.6,2.5,0.0,yellow_taxi
127,2023-01-01 00:11:35,2023-01-01 00:34:22,1.0,6.0,107,166,2,26.8,3.5,0.5,0.0,0.0,31.8,2.5,0.0,yellow_taxi
128,2023-01-01 00:39:48,2023-01-01 00:49:12,2.0,1.7,151,236,1,10.7,3.5,0.5,3.93,0.0,19.63,2.5,0.0,yellow_taxi
129,2023-01-01 00:56:03,2023-01-01 01:04:38,2.0,1.9,237,137,1,10.7,3.5,0.5,2.0,0.0,17.7,2.5,0.0,yellow_taxi
130,2023-01-01 00:58:15,2023-01-01 01:02:26,1.0,0.8,233,137,1,5.8,3.5,0.5,5.0,0.0,15.8,2.5,0.0,yellow_taxi
131,2023-01-01 00:47:40,2023-01-01 01:08:13,1.0,4.3,170,238,1,21.2,3.5,0.5,5.25,0.0,31.45,2.5,0.0,yellow_taxi
132,2023-01-01 00:28:29,2023-01-01 00:31:03,1.0,0.42,233,229,4,-5.1,-1.0,-0.5,0.0,0.0,-10.1,-2.5,0.0,yellow_taxi
133,2023-01-01 00:28:29,2023-01-01 00:31:03,1.0,0.42,233,229,4,5.1,1.0,0.5,0.0,0.0,10.1,2.5,0.0,yellow_taxi
134,2023-01-01 00:32:59,2023-01-01 00:43:20,1.0,1.21,229,164,1,10.7,1.0,0.5,3.0,0.0,18.7,2.5,0.0,yellow_taxi
135,2023-01-01 00:09:27,2023-01-01 00:15:04,1.0,0.8,236,75,1,5.5,0.5,0.5,1.86,0.0,11.16,2.5,0.0,yellow_taxi
136,2023-01-01 00:30:45,2023-01-01 00:55:33,1.0,4.59,141,158,1,18.0,0.5,0.5,4.36,0.0,26.16,2.5,0.0,yellow_taxi
137,2023-01-01 00:05:11,2023-01-01 00:31:52,1.0,6.81,249,7,1,31.0,1.0,0.5,9.0,0.0,45.0,2.5,0.0,yellow_taxi
138,2023-01-01 00:52:25,2023-01-01 01:18:07,1.0,3.47,158,229,1,24.0,1.0,0.5,4.0,0.0,33.0,2.5,0.0,yellow_taxi
139,2023-01-01 00:30:37,2023-01-01 00:33:52,2.0,0.44,236,236,1,5.8,1.0,0.5,1.62,0.0,12.42,2.5,0.0,yellow_taxi
140,2023-01-01 00:36:24,2023-01-01 00:45:57,2.0,1.93,236,238,1,12.1,1.0,0.5,2.0,0.0,19.1,2.5,0.0,yellow_taxi
141,2023-01-01 00:48:35,2023-01-01 00:56:54,2.0,1.89,238,75,1,11.4,1.0,0.5,2.78,0.0,16.68,0.0,0.0,yellow_taxi
142,2023-01-01 00:16:28,2023-01-01 00:20:52,1.0,0.7,79,107,1,6.5,1.0,0.5,2.3,0.0,13.8,2.5,0.0,yellow_taxi
143,2023-01-01 00:12:21,2023-01-01 00:24:05,1.0,1.98,79,234,2,12.8,1.0,0.5,0.0,0.0,17.8,2.5,0.0,yellow_taxi
144,2023-01-01 00:28:53,2023-01-01 00:39:49,1.0,1.82,186,211,1,12.1,1.0,0.5,3.42,0.0,20.52,2.5,0.0,yellow_taxi
145,2023-01-01 00:43:11,2023-01-01 01:00:34,1.0,6.08,211,112,2,26.8,1.0,0.5,0.0,0.0,31.8,2.5,0.0,yellow_taxi
146,2023-01-01 00:35:27,2023-01-01 01:17:44,2.0,4.81,249,239,1,38.7,1.0,0.5,7.0,0.0,50.7,2.5,0.0,yellow_taxi
147,2023-01-01 00:28:56,2023-01-01 00:36:34,1.0,0.98,236,262,2,8.6,1.0,0.5,0.0,0.0,13.6,2.5,0.0,yellow_taxi
148,2023-01-01 00:40:04,2023-01-01 00:45:54,1.0,1.5,262,229,1,8.6,1.0,0.5,2.04,0.0,15.64,2.5,0.0,yellow_taxi
149,2023-01-01 00:48:53,2023-01-01 00:59:50,1.0,2.58,229,75,2,13.5,1.0,0.5,0.0,0.0,18.5,2.5,0.0,yellow_taxi
150,2023-01-01 00:08:04,2023-01-01 00:33:29,1.0,1.46,234,186,1,21.9,1.0,0.5,5.38,0.0,32.28,2.5,0.0,yellow_taxi
151,2023-01-01 00:45:48,2023-01-01 01:04:08,1.0,3.55,246,13,1,21.2,1.0,0.5,5.24,0.0,31.44,2.5,0.0,yellow_taxi
152,2023-01-01 00:18:43,2023-01-01 00:33:30,1.0,2.13,234,50,1,16.3,1.0,0.5,4.26,0.0,25.56,2.5,0.0,yellow_taxi
153,2023-01-01 00:42:20,2023-01-01 01:01:05,2.0,1.97,50,90,1,17.7,1.0,0.5,5.67,0.0,28.37,2.5,0.0,yellow_taxi
154,2023-01-01 00:10:20,2023-01-01 00:12:09,1.0,0.48,107,107,1,4.4,1.0,0.5,1.88,0.0,11.28,2.5,0.0,yellow_taxi
155,2023-01-01 00:13:21,2023-01-01 00:17:03,1.0,0.75,107,79,2,5.8,1.0,0.5,0.0,0.0,10.8,2.5,0.0,yellow_taxi
156,2023-01-01 00:18:08,2023-01-01 00:25:07,1.0,0.9,79,4,1,7.9,1.0,0.5,2.58,0.0,15.48,2.5,0.0,yellow_taxi
157,2023-01-01 00:27:02,2023-01-01 00:41:37,1.0,1.72,4,249,1,14.2,1.0,0.5,3.84,0.0,23.04,2.5,0.0,yellow_taxi
158,2023-01-01 00:43:16,2023-01-01 00:52:16,1.0,1.32,249,79,1,10.0,1.0,0.5,3.0,0.0,18.0,2.5,0.0,yellow_taxi
159,2023-01-01 00:22:26,2023-01-01 00:25:19,1.0,1.04,141,262,1,6.5,1.0,0.5,2.3,0.0,13.8,2.5,0.0,yellow_taxi
160,2023-01-01 00:27:44,2023-01-01 00:29:20,1.0,0.41,262,263,1,4.4,1.0,0.5,2.35,0.0,11.75,2.5,0.0,yellow_taxi
161,2023-01-01 00:31:21,2023-01-01 00:35:56,1.0,1.28,263,141,1,7.9,1.0,0.5,2.58,0.0,15.48,2.5,0.0,yellow_taxi
162,2023-01-01 00:40:22,2023-01-01 00:46:32,1.0,0.8,262,43,2,7.9,1.0,0.5,0.0,0.0,12.9,2.5,0.0,yellow_taxi
163,2023-01-01 00:48:30,2023-01-01 01:01:26,1.0,2.1,43,48,2,14.2,1.0,0.5,0.0,0.0,19.2,2.5,0.0,yellow_taxi
164,2023-01-01 00:30:12,2023-01-01 00:35:29,1.0,1.53,229,236,1,8.6,1.0,0.5,2.72,0.0,16.32,2.5,0.0,yellow_taxi
165,2023-01-01 00:38:35,2023-01-01 00:53:43,1.0,1.55,43,161,1,14.9,1.0,0.5,3.98,0.0,23.88,2.5,0.0,yellow_taxi
166,2023-01-01 00:55:45,2023-01-01 01:19:34,1.0,1.27,161,164,1,20.5,1.0,0.5,0.0,0.0,25.5,2.5,0.0,yellow_taxi
167,2023-01-01 00:27:58,2023-01-01 00:44:12,2.0,2.7,143,68,1,15.6,3.5,0.5,4.1,0.0,24.7,2.5,0.0,yellow_taxi
168,2023-01-01 00:21:15,2023-01-01 00:52:25,1.0,19.2,132,25,1,72.3,2.25,0.5,15.2,0.0,91.25,0.0,1.25,yellow_taxi
169,2023-01-01 00:02:19,2023-01-01 00:30:49,1.0,20.37,132,140,1,70.0,0.0,0.5,12.0,6.55,92.55,2.5,0.0,yellow_taxi
170,2023-01-01 00:34:38,2023-01-01 00:45:39,1.0,0.76,141,229,2,5.8,1.0,0.5,0.0,0.0,10.8,2.5,0.0,yellow_taxi
171,2023-01-01 00:47:29,2023-01-01 00:53:05,1.0,1.2,229,237,2,7.9,1.0,0.5,0.0,0.0,12.9,2.5,0.0,yellow_taxi
172,2023-01-01 00:35:05,2023-01-01 00:40:24,1.0,1.47,239,151,1,8.6,1.0,0.5,2.72,0.0,16.32,2.5,0.0,yellow_taxi
173,2023-01-01 00:45:25,2023-01-01 00:53:29,1.0,1.69,238,262,1,10.7,1.0,0.5,3.14,0.0,18.84,2.5,0.0,yellow_taxi
174,2023-01-01 00:54:31,2023-01-01 01:05:25,1.0,2.1,262,239,1,13.5,1.0,0.5,3.7,0.0,22.2,2.5,0.0,yellow_taxi
175,2023-01-01 00:29:32,2023-01-01 00:40:25,4.0,1.5,148,231,1,11.4,3.5,0.5,3.25,0.0,19.65,2.5,0.0,yellow_taxi
176,2023-01-01 00:48:00,2023-01-01 01:28:58,1.0,5.8,231,239,1,38.7,3.5,0.5,6.56,0.0,50.26,2.5,0.0,yellow_taxi
177,2023-01-01 00:18:35,2023-01-01 00:28:21,1.0,1.6,107,249,1,10.0,3.5,0.5,3.0,0.0,18.0,2.5,0.0,yellow_taxi
178,2023-01-01 00:36:15,2023-01-01 00:49:28,2.0,1.7,249,68,1,12.1,3.5,0.5,4.25,0.0,21.35,2.5,0.0,yellow_taxi
179,2023-01-01 00:50:46,2023-01-01 01:01:27,3.0,1.5,68,249,1,10.0,3.5,0.5,3.0,0.0,18.0,2.5,0.0,yellow_taxi
180,2023-01-01 00:34:22,2023-01-01 00:40:47,1.0,0.74,164,107,1,7.2,1.0,0.5,2.44,0.0,14.64,2.5,0.0,yellow_taxi
181,2023-01-01 00:46:32,2023-01-01 00:49:33,1.0,0.47,107,107,1,5.1,1.0,0.5,2.02,0.0,12.12,2.5,0.0,yellow_taxi
182,2023-01-01 00:50:45,2023-01-01 00:54:44,1.0,0.85,107,79,1,6.5,1.0,0.5,3.0,0.0,14.5,2.5,0.0,yellow_taxi
183,2023-01-01 00:56:18,2023-01-01 01:07:11,1.0,1.4,79,90,1,11.4,1.0,0.5,3.28,0.0,19.68,2.5,0.0,yellow_taxi
184,2023-01-01 00:05:56,2023-01-01 00:12:10,1.0,1.0,237,237,2,7.9,3.5,0.5,0.0,0.0,12.9,2.5,0.0,yellow_taxi
185,2023-01-01 00:13:48,2023-01-01 00:24:40,2.0,2.7,237,234,1,13.5,3.5,0.5,3.7,0.0,22.2,2.5,0.0,yellow_taxi
186,2023-01-01 00:29:47,2023-01-01 00:38:27,2.0,0.9,90,170,1,8.6,3.5,0.5,2.7,0.0,16.3,2.5,0.0,yellow_taxi
187,2023-01-01 00:48:20,2023-01-01 00:54:43,4.0,0.9,162,170,2,7.2,3.5,0.5,0.0,0.0,12.2,2.5,0.0,yellow_taxi
188,2023-01-01 00:05:48,2023-01-01 00:14:48,1.0,2.28,142,43,2,12.1,1.0,0.5,0.0,0.0,17.1,2.5,0.0,yellow_taxi
189,2023-01-01 00:34:31,2023-01-01 00:38:18,1.0,0.99,239,236,1,6.5,1.0,0.5,2.3,0.0,13.8,2.5,0.0,yellow_taxi
190,2023-01-01 00:40:52,2023-01-01 00:49:04,1.0,2.17,236,151,1,12.1,1.0,0.5,5.13,0.0,22.23,2.5,0.0,yellow_taxi
191,2023-01-01 00:08:50,2023-01-01 00:22:13,3.0,1.9,142,50,1,14.2,3.5,0.5,5.0,0.0,24.2,2.5,0.0,yellow_taxi
192,2023-01-01 00:24:38,2023-01-01 00:46:32,2.0,0.7,50,68,1,18.4,3.5,0.5,5.0,0.0,28.4,2.5,0.0,yellow_taxi
193,2023-01-01 00:51:02,2023-01-01 01:17:09,1.0,6.7,68,33,1,33.1,3.5,0.5,6.0,0.0,44.1,2.5,0.0,yellow_taxi
194,2023-01-01 00:39:15,2023-01-01 01:10:27,1.0,5.6,186,97,1,31.7,1.0,0.5,9.18,0.0,45.88,2.5,0.0,yellow_taxi
195,2023-01-01 00:35:02,2023-01-01 00:48:44,1.0,3.08,236,137,2,16.3,1.0,0.5,0.0,0.0,21.3,2.5,0.0,yellow_taxi
196,2023-01-01 00:50:34,2023-01-01 00:58:45,1.0,1.52,107,162,2,10.0,1.0,0.5,0.0,0.0,15.0,2.5,0.0,yellow_taxi
197,2023-01-01 00:59:34,2023-01-01 01:03:00,1.0,0.84,162,141,1,6.5,1.0,0.5,2.3,0.0,13.8,2.5,0.0,yellow_taxi
198,2023-01-01 00:09:49,2023-01-01 00:12:30,1.0,0.29,79,79,1,4.4,1.0,0.5,1.0,0.0,10.4,2.5,0.0,yellow_taxi
199,2023-01-01 00:13:54,2023-01-01 00:19:01,1.0,0.5,79,79,1,6.5,1.0,0.5,2.3,0.0,13.8,2.5,0.0,yellow_taxi
200,2023-01-01 00:22:17,2023-01-01 00:32:42,1.0,1.3,79,232,1,10.7,1.0,0.5,3.14,0.0,18.84,2.5,0.0,yellow_taxi
201,2023-01-01 00:39:33,2023-01-01 00:47:58,1.0,2.15,148,170,1,11.4,1.0,0.5,3.28,0.0,19.68,2.5,0.0,yellow_taxi
202,2023-01-01 00:52:41,2023-01-01 01:04:46,1.0,5.49,137,13,1,22.6,1.0,0.5,5.52,0.0,33.12,2.5,0.0,yellow_taxi
203,2023-01-01 00:01:08,2023-01-01 00:17:14,6.0,2.1,170,113,1,14.2,3.5,0.5,0.01,0.0,19.21,2.5,0.0,yellow_taxi
204,2023-01-01 00:32:20,2023-01-01 00:41:10,1.0,1.2,234,79,2,8.6,3.5,0.5,0.0,0.0,13.6,2.5,0.0,yellow_taxi
205,2023-01-01 00:42:24,2023-01-01 00:45:21,3.0,0.3,79,148,1,4.4,3.5,0.5,1.85,0.0,11.25,2.5,0.0,yellow_taxi
206,2023-01-01 00:18:08,2023-01-01 00:34:42,2.0,2.4,79,161,1,16.3,3.5,0.5,5.3,0.0,26.6,2.5,0.0,yellow_taxi
207,2023-01-01 00:58:55,2023-01-01 01:29:58,1.0,3.3,234,125,1,26.8,3.5,0.5,2.22,0.0,34.02,2.5,0.0,yellow_taxi
208,2023-01-01 00:15:17,2023-01-01 00:23:04,2.0,1.23,211,79,1,9.3,1.0,0.5,3.58,0.0,17.88,2.5,0.0,yellow_taxi
209,2023-01-01 00:23:52,2023-01-01 00:34:57,2.0,1.53,79,45,1,12.1,1.0,0.5,0.0,0.0,17.1,2.5,0.0,yellow_taxi
210,2023-01-01 00:44:16,2023-01-01 00:55:47,2.0,2.15,231,164,2,13.5,1.0,0.5,0.0,0.0,18.5,2.5,0.0,yellow_taxi
211,2023-01-01 00:58:46,2023-01-01 01:17:43,2.0,2.19,164,229,2,17.7,1.0,0.5,0.0,0.0,22.7,2.5,0.0,yellow_taxi
212,2023-01-01 00:12:36,2023-01-01 00:16:32,1.0,1.71,162,263,1,8.6,1.0,0.5,4.08,0.0,17.68,2.5,0.0,yellow_taxi
213,2023-01-01 00:17:33,2023-01-01 00:22:20,1.0,1.05,263,75,2,7.2,1.0,0.5,0.0,0.0,12.2,2.5,0.0,yellow_taxi
214,2023-01-01 00:42:57,2023-01-01 01:02:15,1.0,1.63,43,48,1,17.0,1.0,0.5,4.4,0.0,26.4,2.5,0.0,yellow_taxi
215,2023-01-01 01:01:16,2023-01-01 01:32:52,1.0,11.46,132,91,1,48.5,1.0,0.5,10.45,0.0,62.7,0.0,1.25,yellow_taxi
216,2023-01-01 00:12:10,2023-01-01 00:15:41,2.0,1.1,263,141,1,6.5,3.5,0.5,1.0,0.0,12.5,2.5,0.0,yellow_taxi
217,2023-01-01 00:20:45,2023-01-01 00:26:14,2.0,0.8,162,163,2,6.5,3.5,0.5,0.0,0.0,11.5,2.5,0.0,yellow_taxi
218,2023-01-01 00:21:05,2023-01-01 00:28:54,1.0,1.2,48,246,1,8.6,3.5,0.5,3.4,0.0,17.0,2.5,0.0,yellow_taxi
219,2023-01-01 00:43:51,2023-01-01 01:08:54,1.0,3.1,246,114,1,19.8,3.5,0.5,4.95,0.0,29.75,2.5,0.0,yellow_taxi
220,2023-01-01 00:33:44,2023-01-01 00:39:04,1.0,1.58,237,236,1,8.6,1.0,0.5,4.08,0.0,17.68,2.5,0.0,yellow_taxi
221,2023-01-01 00:40:25,2023-01-01 00:45:58,1.0,1.02,236,239,1,7.9,1.0,0.5,2.58,0.0,15.48,2.5,0.0,yellow_taxi
222,2023-01-01 00:47:37,2023-01-01 00:51:47,1.0,1.12,239,142,1,7.2,1.0,0.5,3.05,0.0,15.25,2.5,0.0,yellow_taxi
223,2023-01-01 00:55:03,2023-01-01 01:00:09,1.0,0.69,142,239,2,7.2,1.0,0.5,0.0,0.0,12.2,2.5,0.0,yellow_taxi
224,2023-01-01 00:29:33,2023-01-01 01:08:08,1.0,13.73,132,265,1,82.8,1.0,0.5,21.32,0.0,107.87,0.0,1.25,yellow_taxi
225,2023-01-01 00:40:32,2023-01-01 00:46:47,2.0,1.1,90,158,1,7.2,3.5,0.5,1.83,0.0,14.03,2.5,0.0,yellow_taxi
226,2023-01-01 00:50:01,2023-01-01 00:54:52,2.0,0.7,249,249,1,5.8,3.5,0.5,2.15,0.0,12.95,2.5,0.0,yellow_taxi
227,2023-01-01 00:55:57,2023-01-01 01:09:36,1.0,1.9,249,48,1,12.1,3.5,0.5,2.0,0.0,19.1,2.5,0.0,yellow_taxi
228,2023-01-01 00:16:39,2023-01-01 00:22:15,1.0,0.38,186,186,2,6.5,1.0,0.5,0.0,0.0,11.5,2.5,0.0,yellow_taxi
229,2023-01-01 00:23:35,2023-01-01 00:32:12,1.0,1.79,186,125,2,10.7,1.0,0.5,0.0,0.0,15.7,2.5,0.0,yellow_taxi
230,2023-01-01 00:33:38,2023-01-01 00:47:16,1.0,3.4,125,97,1,17.7,1.0,0.5,6.81,0.0,29.51,2.5,0.0,yellow_taxi
231,2023-01-01 00:59:34,2023-01-01 01:29:23,1.0,3.82,144,50,1,28.9,1.0,0.5,0.0,0.0,33.9,2.5,0.0,yellow_taxi
232,2023-01-01 00:07:07,2023-01-01 00:17:02,2.0,2.77,211,88,1,14.2,1.0,0.5,3.0,0.0,22.2,2.5,0.0,yellow_taxi
233,2023-01-01 00:21:02,2023-01-01 00:28:05,1.0,1.73,87,13,1,10.7,1.0,0.5,3.14,0.0,18.84,2.5,0.0,yellow_taxi
234,2023-01-01 00:30:31,2023-01-01 00:42:48,2.0,3.21,13,48,2,16.3,1.0,0.5,0.0,0.0,21.3,2.5,0.0,yellow_taxi
235,2023-01-01 00:50:43,2023-01-01 00:59:04,2.0,1.35,68,107,1,10.0,1.0,0.5,3.0,0.0,18.0,2.5,0.0,yellow_taxi
236,2023-01-01 00:22:53,2023-01-01 00:51:20,1.0,6.0,142,79,2,32.4,3.5,0.5,0.0,0.0,37.4,2.5,0.0,yellow_taxi
237,2023-01-01 00:55:26,2023-01-01 01:01:54,1.0,0.8,79,107,1,7.9,3.5,0.5,2.55,0.0,15.45,2.5,0.0,yellow_taxi
238,2023-01-01 00:14:01,2023-01-01 00:19:11,1.0,1.31,237,236,1,7.9,1.0,0.5,3.23,0.0,16.13,2.5,0.0,yellow_taxi
239,2023-01-01 00:22:50,2023-01-01 00:42:00,1.0,3.95,236,249,1,21.2,1.0,0.5,5.24,0.0,31.44,2.5,0.0,yellow_taxi
240,2023-01-01 00:47:50,2023-01-01 01:17:47,1.0,3.81,158,48,1,27.5,1.0,0.5,8.12,0.0,40.62,2.5,0.0,yellow_taxi
241,2023-01-01 00:30:11,2023-01-01 00:59:34,1.0,16.4,132,256,2,62.5,2.25,0.5,0.0,0.0,66.25,0.0,1.25,yellow_taxi
242,2023-01-01 00:46:45,2023-01-01 01:31:42,2.0,1.24,50,68,1,34.5,1.0,0.5,7.9,0.0,47.4,2.5,0.0,yellow_taxi
243,2023-01-01 00:29:58,2023-01-01 01:11:51,2.0,4.9,114,239,1,38.7,3.5,0.5,7.0,0.0,50.7,2.5,0.0,yellow_taxi
244,2023-01-01 00:22:26,2023-01-01 00:34:07,2.0,2.63,43,24,2,14.2,1.0,0.5,0.0,0.0,19.2,2.5,0.0,yellow_taxi
245,2023-01-01 00:46:38,2023-01-01 01:02:30,1.0,6.99,24,243,1,30.3,1.0,0.5,6.56,0.0,39.36,0.0,0.0,yellow_taxi
246,2023-01-01 00:13:21,2023-01-01 00:19:45,2.0,1.73,137,141,1,10.0,1.0,0.5,3.0,0.0,18.0,2.5,0.0,yellow_taxi
247,2023-01-01 00:23:04,2023-01-01 00:28:28,2.0,1.36,236,239,1,8.6,1.0,0.5,2.72,0.0,16.32,2.5,0.0,yellow_taxi
248,2023-01-01 00:30:58,2023-01-01 00:53:12,2.0,3.46,142,166,2,22.6,1.0,0.5,0.0,0.0,27.6,2.5,0.0,yellow_taxi
249,2023-01-01 00:59:12,2023-01-01 01:04:54,2.0,1.16,166,41,2,8.6,1.0,0.5,0.0,0.0,11.1,0.0,0.0,yellow_taxi
250,2023-01-01 00:24:26,2023-01-01 00:38:36,1.0,3.0,239,42,1,17.0,3.5,0.5,6.55,0.0,28.55,2.5,0.0,yellow_taxi
251,2023-01-01 00:42:18,2023-01-01 00:53:33,1.0,2.0,41,238,1,12.8,3.5,0.5,3.55,0.0,21.35,2.5,0.0,yellow_taxi
252,2023-01-01 00:54:33,2023-01-01 00:57:14,1.0,0.8,238,239,1,5.8,3.5,0.5,2.15,0.0,12.95,2.5,0.0,yellow_taxi
253,2023-01-01 00:58:12,2023-01-01 01:04:50,1.0,1.6,239,236,1,9.3,3.5,0.5,2.85,0.0,17.15,2.5,0.0,yellow_taxi
254,2023-01-01 00:33:09,2023-01-01 00:46:36,2.0,2.3,141,143,1,13.5,3.5,0.5,3.7,0.0,22.2,2.5,0.0,yellow_taxi
255,2023-01-01 00:50:11,2023-01-01 01:18:03,2.0,1.8,143,48,1,18.4,3.5,0.5,1.75,0.0,25.15,2.5,0.0,yellow_taxi
256,2023-01-01 00:19:13,2023-01-01 00:28:28,1.0,1.33,114,68,1,10.7,1.0,0.5,1.0,0.0,16.7,2.5,0.0,yellow_taxi
257,2023-01-01 00:40:09,2023-01-01 00:53:32,1.0,1.89,90,229,1,13.5,1.0,0.5,3.7,0.0,22.2,2.5,0.0,yellow_taxi
258,2023-01-01 00:16:01,2023-01-01 00:26:13,1.0,1.4,237,143,2,10.0,3.5,0.5,0.0,0.0,15.0,2.5,0.0,yellow_taxi
259,2023-01-01 00:31:39,2023-01-01 00:50:39,1.0,5.0,239,107,2,23.3,3.5,0.5,0.0,0.0,28.3,2.5,0.0,yellow_taxi
260,2023-01-01 00:11:35,2023-01-01 00:24:56,1.0,1.79,186,229,2,13.5,1.0,0.5,0.0,0.0,18.5,2.5,0.0,yellow_taxi
261,2023-01-01 00:28:49,2023-01-01 00:40:03,1.0,2.06,229,237,2,12.8,1.0,0.5,0.0,0.0,17.8,2.5,0.0,yellow_taxi
262,2023-01-01 00:42:38,2023-01-01 00:51:17,1.0,2.72,236,42,2,13.5,1.0,0.5,0.0,0.0,18.5,2.5,0.0,yellow_taxi
263,2023-01-01 00:20:18,2023-01-01 00:27:56,2.0,1.19,142,50,4,-9.3,-1.0,-0.5,0.0,0.0,-14.3,-2.5,0.0,yellow_taxi
264,2023-01-01 00:20:18,2023-01-01 00:27:56,2.0,1.19,142,50,4,9.3,1.0,0.5,0.0,0.0,14.3,2.5,0.0,yellow_taxi
265,2023-01-01 00:38:31,2023-01-01 01:02:27,2.0,2.32,246,233,1,20.5,1.0,0.5,5.0,0.0,30.5,2.5,0.0,yellow_taxi
266,2023-01-01 00:10:17,2023-01-01 00:21:50,3.0,1.6,249,48,1,12.1,1.0,0.5,3.42,0.0,20.52,2.5,0.0,yellow_taxi
267,2023-01-01 00:49:07,2023-01-01 01:34:26,3.0,9.42,246,61,2,48.5,1.0,0.5,0.0,0.0,53.5,2.5,0.0,yellow_taxi
268,2023-01-01 00:21:02,2023-01-01 00:35:33,2.0,1.6,162,163,1,12.1,3.5,0.5,3.4,0.0,20.5,2.5,0.0,yellow_taxi
269,2023-01-01 00:38:56,2023-01-01 00:52:26,4.0,2.0,163,236,1,12.8,3.5,0.5,4.45,0.0,22.25,2.5,0.0,yellow_taxi
270,2023-01-01 00:54:38,2023-01-01 01:04:31,2.0,1.8,263,142,1,10.7,3.5,0.5,4.7,0.0,20.4,2.5,0.0,yellow_taxi
271,2023-01-01 00:08:31,2023-01-01 00:16:39,2.0,0.7,161,229,2,8.6,3.5,0.5,0.0,0.0,13.6,2.5,0.0,yellow_taxi
272,2023-01-01 00:26:14,2023-01-01 00:30:34,1.0,0.9,164,234,1,7.2,3.5,0.5,3.0,0.0,15.2,2.5,0.0,yellow_taxi
273,2023-01-01 00:33:21,2023-01-01 01:18:59,2.0,5.4,113,238,1,42.2,3.5,0.5,11.8,0.0,59.0,2.5,0.0,yellow_taxi
274,2023-01-01 00:12:14,2023-01-01 00:22:47,1.0,3.0,142,41,1,14.9,3.5,0.5,4.95,0.0,24.85,2.5,0.0,yellow_taxi
275,2023-01-01 00:25:53,2023-01-01 00:45:11,1.0,3.6,151,161,1,19.1,3.5,0.5,0.0,0.0,24.1,2.5,0.0,yellow_taxi
276,2023-01-01 00:48:02,2023-01-01 01:10:10,1.0,2.8,161,114,1,17.7,3.5,0.5,1.0,0.0,23.7,2.5,0.0,yellow_taxi
277,2023-01-01 00:42:33,2023-01-01 00:48:30,1.0,0.56,50,48,1,7.2,1.0,0.5,1.5,0.0,13.7,2.5,0.0,yellow_taxi
278,2023-01-01 00:39:02,2023-01-01 00:46:03,1.0,0.0,137,162,1,7.9,1.0,0.5,3.22,0.0,16.12,2.5,0.0,yellow_taxi
279,2023-01-01 00:47:29,2023-01-01 00:55:49,1.0,0.0,233,141,1,8.6,1.0,0.5,2.72,0.0,16.32,2.5,0.0,yellow_taxi
280,2023-01-01 00:59:24,2023-01-01 01:14:26,1.0,0.0,141,193,2,13.5,1.0,0.5,0.0,0.0,18.5,2.5,0.0,yellow_taxi
281,2023-01-01 00:43:21,2023-01-01 00:47:11,1.0,0.4,162,163,1,5.8,3.5,0.5,0.0,0.0,10.8,2.5,0.0,yellow_taxi
282,2023-01-01 00:49:12,2023-01-01 01:14:29,2.0,2.7,163,79,1,22.6,3.5,0.5,2.22,0.0,29.82,2.5,0.0,yellow_taxi
283,2023-01-01 00:27:33,2023-01-01 00:36:38,2.0,0.85,90,68,1,10.0,1.0,0.5,3.75,0.0,18.75,2.5,0.0,yellow_taxi
284,2023-01-01 00:39:53,2023-01-01 00:58:37,3.0,2.1,249,148,1,17.0,1.0,0.5,2.2,0.0,24.2,2.5,0.0,yellow_taxi
285,2023-01-01 00:05:18,2023-01-01 00:40:35,2.0,11.61,142,181,2,51.3,1.0,0.5,0.0,0.0,56.3,2.5,0.0,yellow_taxi
286,2023-01-01 00:56:22,2023-01-01 01:13:01,2.0,3.72,25,257,1,19.8,1.0,0.5,4.46,0.0,26.76,0.0,0.0,yellow_taxi
287,2023-01-01 00:26:48,2023-01-01 00:41:08,2.0,2.5,164,90,1,16.3,3.5,0.5,4.25,0.0,25.55,2.5,0.0,yellow_taxi
288,2023-01-01 00:08:33,2023-01-01 00:10:54,1.0,0.92,263,141,2,5.8,1.0,0.5,0.0,0.0,10.8,2.5,0.0,yellow_taxi
289,2023-01-01 00:19:04,2023-01-01 00:25:17,2.0,1.06,262,236,1,6.5,1.0,0.5,2.3,0.0,13.8,2.5,0.0,yellow_taxi
290,2023-01-01 00:27:19,2023-01-01 00:37:49,2.0,2.42,236,142,1,13.5,1.0,0.5,4.62,0.0,23.12,2.5,0.0,yellow_taxi
291,2023-01-01 00:39:06,2023-01-01 00:42:45,3.0,0.59,142,143,2,5.8,1.0,0.5,0.0,0.0,10.8,2.5,0.0,yellow_taxi
292,2023-01-01 00:45:55,2023-01-01 01:15:24,2.0,5.54,143,13,1,31.0,1.0,0.5,9.0,0.0,45.0,2.5,0.0,yellow_taxi
293,2023-01-01 00:25:59,2023-01-01 00:49:34,3.0,3.35,170,239,2,22.6,1.0,0.5,0.0,0.0,27.6,2.5,0.0,yellow_taxi
294,2023-01-01 00:52:16,2023-01-01 01:13:39,3.0,8.78,143,94,2,36.6,1.0,0.5,0.0,0.0,41.6,2.5,0.0,yellow_taxi
295,2023-01-01 00:06:32,2023-01-01 00:29:45,1.0,15.49,132,80,1,58.3,1.0,0.5,12.16,0.0,74.21,0.0,1.25,yellow_taxi
296,2023-01-01 00:09:18,2023-01-01 00:28:25,1.0,3.6,107,236,1,21.2,3.5,0.5,7.85,0.0,34.05,2.5,0.0,yellow_taxi
297,2023-01-01 00:30:54,2023-01-01 00:42:09,1.0,1.9,236,142,1,12.1,3.5,0.5,3.4,0.0,20.5,2.5,0.0,yellow_taxi
298,2023-01-01 00:43:21,2023-01-01 01:06:11,1.0,3.5,142,107,3,21.9,3.5,0.5,0.0,0.0,26.9,2.5,0.0,yellow_taxi
299,2023-01-01 00:21:25,2023-01-01 00:45:36,2.0,7.7,170,195,1,34.5,1.0,0.5,7.9,0.0,47.4,2.5,0.0,yellow_taxi
300,2023-01-01 00:18:33,2023-01-01 00:54:44,1.0,21.0,132,238,1,70.0,3.75,0.5,0.0,6.55,81.8,2.5,1.25,yellow_taxi
301,2023-01-01 00:07:12,2023-01-01 00:09:35,1.0,0.52,263,141,2,5.1,1.0,0.5,0.0,0.0,10.1,2.5,0.0,yellow_taxi
302,2023-01-01 00:20:55,2023-01-01 00:28:27,1.0,1.68,162,237,1,10.0,1.0,0.5,3.0,0.0,18.0,2.5,0.0,yellow_taxi
303,2023-01-01 00:41:29,2023-01-01 01:05:56,1.0,2.81,107,50,1,21.9,1.0,0.5,5.38,0.0,32.28,2.5,0.0,yellow_taxi
304,2023-01-01 00:05:44,2023-01-01 00:16:55,2.0,1.27,142,239,1,11.4,1.0,0.5,4.92,0.0,21.32,2.5,0.0,yellow_taxi
305,2023-01-01 00:34:28,2023-01-01 01:09:01,3.0,5.6,142,231,2,33.1,1.0,0.5,0.0,0.0,38.1,2.5,0.0,yellow_taxi
306,2023-01-01 00:26:57,2023-01-01 00:54:14,1.0,4.54,50,261,1,28.9,1.0,0.5,6.78,0.0,40.68,2.5,0.0,yellow_taxi
307,2023-01-01 00:08:06,2023-01-01 00:16:23,1.0,2.18,249,246,1,11.4,1.0,0.5,4.92,0.0,21.32,2.5,0.0,yellow_taxi
308,2023-01-01 00:18:17,2023-01-01 00:33:33,1.0,1.37,68,107,1,14.2,1.0,0.5,4.8,0.0,24.0,2.5,0.0,yellow_taxi
309,2023-01-01 00:35:12,2023-01-01 00:48:52,1.0,4.04,107,87,1,20.5,1.0,0.5,5.1,0.0,30.6,2.5,0.0,yellow_taxi
310,2023-01-01 00:55:47,2023-01-01 01:02:52,1.0,3.02,132,10,1,13.5,1.0,0.5,5.18,0.0,22.43,0.0,1.25,yellow_taxi
311,2023-01-01 00:12:04,2023-01-01 00:12:27,3.0,0.27,194,194,2,3.7,1.0,0.5,0.0,13.1,19.3,0.0,0.0,yellow_taxi
312,2023-01-01 00:45:15,2023-01-01 01:06:54,2.0,3.2,234,87,1,21.2,3.5,0.5,2.0,0.0,28.2,2.5,0.0,yellow_taxi
313,2023-01-01 00:28:01,2023-01-01 00:34:03,1.0,0.72,211,148,1,7.9,1.0,0.5,3.22,0.0,16.12,2.5,0.0,yellow_taxi
314,2023-01-01 00:35:54,2023-01-01 00:56:24,1.0,2.69,148,255,2,21.2,1.0,0.5,0.0,0.0,26.2,2.5,0.0,yellow_taxi
315,2023-01-01 00:45:35,2023-01-01 01:03:33,1.0,8.96,132,95,2,35.9,1.0,0.5,0.0,0.0,39.65,0.0,1.25,yellow_taxi
316,2023-01-01 00:17:59,2023-01-01 00:26:31,2.0,0.6,161,164,1,9.3,3.5,0.5,9.22,0.0,23.52,2.5,0.0,yellow_taxi
317,2023-01-01 00:35:21,2023-01-01 00:50:55,2.0,3.6,170,75,2,18.4,3.5,0.5,0.0,0.0,23.4,2.5,0.0,yellow_taxi
318,2023-01-01 00:59:51,2023-01-01 01:06:03,1.0,1.6,141,263,1,9.3,3.5,0.5,1.43,0.0,15.73,2.5,0.0,yellow_taxi
319,2023-01-01 00:25:22,2023-01-01 00:34:30,4.0,1.96,142,238,2,11.4,1.0,0.5,0.0,0.0,16.4,2.5,0.0,yellow_taxi
320,2023-01-01 00:35:41,2023-01-01 00:43:33,1.0,2.02,238,236,1,11.4,1.0,0.5,3.28,0.0,19.68,2.5,0.0,yellow_taxi
321,2023-01-01 00:49:56,2023-01-01 01:30:46,1.0,1.94,237,141,2,18.4,1.0,0.5,0.0,0.0,23.4,2.5,0.0,yellow_taxi
322,2023-01-01 00:49:49,2023-01-01 01:11:18,1.0,4.0,79,236,2,21.2,3.5,0.5,0.0,0.0,26.2,2.5,0.0,yellow_taxi
323,2023-01-01 00:18:02,2023-01-01 00:39:46,4.0,10.29,144,42,1,40.8,1.0,0.5,9.16,0.0,54.96,2.5,0.0,yellow_taxi
324,2023-01-01 00:52:22,2023-01-01 01:14:03,1.0,4.89,238,167,4,-25.4,-1.0,-0.5,0.0,0.0,-30.4,-2.5,0.0,yellow_taxi
325,2023-01-01 00:52:22,2023-01-01 01:14:03,1.0,4.89,238,167,4,25.4,1.0,0.5,0.0,0.0,30.4,2.5,0.0,yellow_taxi
326,2023-01-01 00:01:52,2023-01-01 00:11:25,1.0,1.9,234,231,1,10.7,3.5,0.5,3.0,0.0,18.7,2.5,0.0,yellow_taxi
327,2023-01-01 00:15:15,2023-01-01 00:39:30,1.0,7.5,144,263,1,33.1,3.5,0.5,3.0,0.0,41.1,2.5,0.0,yellow_taxi
328,2023-01-01 00:53:37,2023-01-01 01:23:16,1.0,10.2,161,127,2,42.9,3.5,0.5,0.0,0.0,47.9,2.5,0.0,yellow_taxi
329,2023-01-01 00:12:16,2023-01-01 00:26:14,1.0,4.4,74,248,1,24.5,0.0,0.5,0.0,6.55,32.55,0.0,0.0,yellow_taxi
330,2023-01-01 00:33:25,2023-01-01 00:40:25,1.0,1.17,142,143,1,8.6,1.0,0.5,2.0,0.0,15.6,2.5,0.0,yellow_taxi
331,2023-01-01 00:42:27,2023-01-01 00:51:46,1.0,1.53,143,238,1,10.7,1.0,0.5,10.0,0.0,25.7,2.5,0.0,yellow_taxi
332,2023-01-01 00:34:09,2023-01-01 00:39:14,2.0,0.7,237,237,1,6.5,3.5,0.5,1.5,0.0,13.0,2.5,0.0,yellow_taxi
333,2023-01-01 00:57:44,2023-01-01 00:57:59,1.0,0.0,137,137,3,3.0,3.5,0.5,0.0,0.0,8.0,2.5,0.0,yellow_taxi
334,2023-01-01 00:17:27,2023-01-01 00:22:11,1.0,1.29,238,166,1,7.9,1.0,0.5,2.08,0.0,12.48,0.0,0.0,yellow_taxi
335,2023-01-01 00:24:47,2023-01-01 00:28:07,1.0,0.74,166,151,1,6.5,1.0,0.5,1.8,0.0,10.8,0.0,0.0,yellow_taxi
336,2023-01-01 00:34:16,2023-01-01 01:02:40,1.0,5.32,238,249,2,30.3,1.0,0.5,0.0,0.0,35.3,2.5,0.0,yellow_taxi
337,2023-01-01 00:12:11,2023-01-01 00:28:21,3.0,0.59,48,48,1,14.2,1.0,0.5,3.84,0.0,23.04,2.5,0.0,yellow_taxi
338,2023-01-01 00:30:04,2023-01-01 00:56:47,2.0,2.98,48,162,1,24.0,1.0,0.5,5.8,0.0,34.8,2.5,0.0,yellow_taxi
339,2023-01-01 00:10:37,2023-01-01 00:40:12,1.0,12.79,141,89,2,52.0,1.0,0.5,0.0,0.0,57.0,2.5,0.0,yellow_taxi
340,2023-01-01 00:42:50,2023-01-01 01:00:44,1.0,2.1,43,238,1,14.9,3.5,0.5,4.0,0.0,23.9,2.5,0.0,yellow_taxi
341,2023-01-01 00:22:20,2023-01-01 00:32:53,1.0,2.06,239,262,1,13.5,1.0,0.5,4.62,0.0,23.12,2.5,0.0,yellow_taxi
342,2023-01-01 00:37:24,2023-01-01 00:41:08,1.0,0.76,236,238,1,6.5,1.0,0.5,1.15,0.0,12.65,2.5,0.0,yellow_taxi
343,2023-01-01 00:44:28,2023-01-01 00:50:00,1.0,1.49,239,236,1,8.6,1.0,0.5,4.08,0.0,17.68,2.5,0.0,yellow_taxi
344,2023-01-01 00:59:25,2023-01-01 01:05:04,1.0,0.86,237,141,1,7.9,1.0,0.5,1.94,0.0,14.84,2.5,0.0,yellow_taxi
345,2023-01-01 00:10:31,2023-01-01 00:21:58,2.0,6.5,138,74,1,26.8,7.25,0.5,6.32,6.55,48.42,0.0,1.25,yellow_taxi
346,2023-01-01 00:30:12,2023-01-01 00:40:58,2.0,2.1,263,239,1,12.8,3.5,0.5,3.55,0.0,21.35,2.5,0.0,yellow_taxi
347,2023-01-01 00:47:06,2023-01-01 00:57:53,2.0,1.8,143,151,1,12.8,3.5,0.5,5.0,0.0,22.8,2.5,0.0,yellow_taxi
348,2023-01-01 00:07:19,2023-01-01 00:16:12,3.0,1.6,229,263,1,10.7,3.5,0.5,4.7,0.0,20.4,2.5,0.0,yellow_taxi
349,2023-01-01 00:20:58,2023-01-01 00:24:20,4.0,1.1,141,229,1,6.5,3.5,0.5,2.0,0.0,13.5,2.5,0.0,yellow_taxi
350,2023-01-01 00:26:33,2023-01-01 00:32:08,1.0,2.3,141,75,2,10.7,3.5,0.5,0.0,0.0,15.7,2.5,0.0,yellow_taxi
351,2023-01-01 00:39:29,2023-01-01 00:42:40,3.0,0.8,263,141,1,5.8,3.5,0.5,2.15,0.0,12.95,2.5,0.0,yellow_taxi
352,2023-01-01 00:49:28,2023-01-01 01:00:08,2.0,3.2,263,145,1,15.6,3.5,0.5,4.1,0.0,24.7,2.5,0.0,yellow_taxi
353,2023-01-01 00:21:28,2023-01-01 00:27:17,2.0,1.01,234,164,1,7.9,1.0,0.5,2.58,0.0,15.48,2.5,0.0,yellow_taxi
354,2023-01-01 00:57:31,2023-01-01 01:06:57,2.0,1.1,107,186,2,10.0,1.0,0.5,0.0,0.0,15.0,2.5,0.0,yellow_taxi
355,2023-01-01 00:03:40,2023-01-01 00:10:05,1.0,1.35,238,151,1,9.3,1.0,0.5,4.29,0.0,18.59,2.5,0.0,yellow_taxi
356,2023-01-01 00:14:21,2023-01-01 00:24:03,2.0,1.84,151,143,1,12.1,1.0,0.5,1.5,0.0,18.6,2.5,0.0,yellow_taxi
357,2023-01-01 00:33:15,2023-01-01 00:47:40,2.0,2.71,142,236,2,17.0,1.0,0.5,0.0,0.0,22.0,2.5,0.0,yellow_taxi
358,2023-01-01 00:53:14,2023-01-01 01:14:42,3.0,4.48,236,107,1,23.3,1.0,0.5,5.66,0.0,33.96,2.5,0.0,yellow_taxi
359,2023-01-01 00:26:53,2023-01-01 00:42:29,1.0,2.51,90,229,1,15.6,1.0,0.5,4.12,0.0,24.72,2.5,0.0,yellow_taxi
360,2023-01-01 00:47:34,2023-01-01 00:58:22,1.0,3.39,233,74,2,15.6,1.0,0.5,0.0,0.0,20.6,2.5,0.0,yellow_taxi
361,2023-01-01 01:05:05,2023-01-01 01:15:02,1.0,2.22,263,233,1,12.1,1.0,0.5,4.0,0.0,21.1,2.5,0.0,yellow_taxi
362,2023-01-01 00:05:28,2023-01-01 00:23:33,2.0,2.79,239,236,1,18.4,1.0,0.5,40.0,0.0,63.4,2.5,0.0,yellow_taxi
363,2023-01-01 00:29:07,2023-01-01 00:40:53,2.0,1.73,236,140,1,13.5,1.0,0.5,3.7,0.0,22.2,2.5,0.0,yellow_taxi
364,2023-01-01 00:51:52,2023-01-01 00:57:54,2.0,0.96,237,161,2,7.9,1.0,0.5,0.0,0.0,12.9,2.5,0.0,yellow_taxi
365,2023-01-01 00:15:25,2023-01-01 00:18:06,1.0,0.3,229,137,1,4.4,3.5,0.5,2.35,0.0,11.75,2.5,0.0,yellow_taxi
366,2023-01-01 00:43:00,2023-01-01 01:11:46,2.0,2.2,233,223,2,22.6,3.5,0.5,0.0,0.0,27.6,2.5,0.0,yellow_taxi
367,2023-01-01 00:18:55,2023-01-01 00:28:36,3.0,2.05,143,166,1,12.8,1.0,0.5,1.0,0.0,18.8,2.5,0.0,yellow_taxi
368,2023-01-01 00:31:01,2023-01-01 00:35:12,3.0,0.71,24,238,1,6.5,1.0,0.5,3.45,0.0,14.95,2.5,0.0,yellow_taxi
369,2023-01-01 00:37:09,2023-01-01 00:49:49,3.0,2.61,238,141,1,15.6,1.0,0.5,4.12,0.0,24.72,2.5,0.0,yellow_taxi
370,2023-01-01 00:53:35,2023-01-01 00:57:18,2.0,0.92,140,263,1,6.5,1.0,0.5,1.15,0.0,12.65,2.5,0.0,yellow_taxi
371,2023-01-01 00:35:40,2023-01-01 00:57:52,2.0,9.0,140,47,1,37.3,3.5,0.5,8.45,0.0,50.75,2.5,0.0,yellow_taxi
372,2023-01-01 00:24:39,2023-01-01 00:36:45,4.0,2.05,163,107,1,13.5,1.0,0.5,3.7,0.0,22.2,2.5,0.0,yellow_taxi
373,2023-01-01 00:59:48,2023-01-01 01:07:06,1.0,0.62,237,141,1,7.9,1.0,0.5,2.58,0.0,15.48,2.5,0.0,yellow_taxi
374,2023-01-01 00:03:28,2023-01-01 00:19:42,1.0,2.51,249,233,1,16.3,1.0,0.5,6.39,0.0,27.69,2.5,0.0,yellow_taxi
375,2023-01-01 00:33:25,2023-01-01 00:37:58,3.0,1.44,141,263,1,7.9,1.0,0.5,2.58,0.0,15.48,2.5,0.0,yellow_taxi
376,2023-01-01 00:42:37,2023-01-01 00:50:10,2.0,1.41,263,140,1,9.3,1.0,0.5,2.86,0.0,17.16,2.5,0.0,yellow_taxi
377,2023-01-01 00:52:34,2023-01-01 00:55:30,2.0,1.01,140,263,1,6.5,1.0,0.5,2.0,0.0,13.5,2.5,0.0,yellow_taxi
378,2023-01-01 00:58:56,2023-01-01 01:01:39,1.0,0.47,141,141,1,5.1,1.0,0.5,2.0,0.0,12.1,2.5,0.0,yellow_taxi
379,2023-01-01 00:58:15,2023-01-01 01:12:43,1.0,2.48,264,263,1,15.6,1.0,0.5,3.62,0.0,21.72,0.0,0.0,yellow_taxi
380,2023-01-01 00:44:08,2023-01-01 01:01:07,4.0,3.67,137,263,1,19.8,1.0,0.5,4.96,0.0,29.76,2.5,0.0,yellow_taxi
381,2023-01-01 00:49:14,2023-01-01 00:55:32,3.0,1.19,162,140,1,8.6,1.0,0.5,2.72,0.0,16.32,2.5,0.0,yellow_taxi
382,2023-01-01 00:06:42,2023-01-01 00:17:13,1.0,1.88,164,229,1,12.1,1.0,0.5,3.42,0.0,20.52,2.5,0.0,yellow_taxi
383,2023-01-01 00:36:07,2023-01-02 00:17:13,1.0,1.2,234,234,1,11.4,1.0,0.5,0.0,0.0,16.4,2.5,0.0,yellow_taxi
384,2023-01-01 00:11:46,2023-01-01 00:28:32,1.0,2.02,246,48,1,17.0,1.0,0.5,4.4,0.0,26.4,2.5,0.0,yellow_taxi
385,2023-01-01 00:35:02,2023-01-01 00:56:31,1.0,1.94,48,246,1,19.1,1.0,0.5,4.82,0.0,28.92,2.5,0.0,yellow_taxi
386,2023-01-01 00:57:50,2023-01-01 01:02:03,1.0,0.55,246,68,2,5.8,1.0,0.5,0.0,0.0,10.8,2.5,0.0,yellow_taxi
387,2023-01-01 00:24:48,2023-01-01 00:56:28,2.0,4.17,246,4,1,29.6,1.0,0.5,6.0,0.0,40.6,2.5,0.0,yellow_taxi
388,2023-01-01 00:21:46,2023-01-01 00:48:38,1.0,4.6,246,151,1,26.1,3.5,0.5,4.0,0.0,35.1,2.5,0.0,yellow_taxi
389,2023-01-01 00:53:47,2023-01-01 01:03:24,1.0,2.1,151,236,1,11.4,3.5,0.5,4.9,0.0,21.3,2.5,0.0,yellow_taxi
390,2023-01-01 00:26:20,2023-01-01 00:31:52,1.0,0.83,237,141,1,7.2,1.0,0.5,3.0,0.0,15.2,2.5,0.0,yellow_taxi
391,2023-01-01 00:36:33,2023-01-01 00:48:38,1.0,2.99,237,137,2,15.6,1.0,0.5,0.0,0.0,20.6,2.5,0.0,yellow_taxi
392,2023-01-01 00:06:18,2023-01-01 00:22:39,2.0,3.16,170,142,1,18.4,1.0,0.5,4.68,0.0,28.08,2.5,0.0,yellow_taxi
393,2023-01-01 00:25:08,2023-01-01 00:31:02,2.0,1.5,142,238,1,9.3,1.0,0.5,3.58,0.0,17.88,2.5,0.0,yellow_taxi
394,2023-01-01 00:34:23,2023-01-01 00:45:56,2.0,2.04,239,140,1,13.5,1.0,0.5,3.7,0.0,22.2,2.5,0.0,yellow_taxi
395,2023-01-01 00:50:21,2023-01-01 00:57:39,2.0,1.65,263,162,2,10.0,1.0,0.5,0.0,0.0,15.0,2.5,0.0,yellow_taxi
396,2023-01-01 00:07:19,2023-01-01 00:45:31,2.0,7.8,249,223,1,37.3,3.5,0.5,8.45,0.0,50.75,2.5,0.0,yellow_taxi
397,2023-01-01 00:59:28,2023-01-01 01:07:50,1.0,0.5,146,145,1,5.1,1.0,0.5,3.0,0.0,10.6,0.0,0.0,yellow_taxi
398,2023-01-01 00:28:04,2023-01-01 00:28:35,1.0,0.0,142,142,2,70.0,0.0,0.5,0.0,0.0,74.0,2.5,0.0,yellow_taxi
399,2023-01-01 00:29:00,2023-01-01 00:54:32,1.0,3.91,142,229,1,24.7,1.0,0.5,4.46,0.0,34.16,2.5,0.0,yellow_taxi
400,2023-01-01 00:08:16,2023-01-01 00:28:49,1.0,8.6,140,40,2,35.9,3.5,0.5,0.0,0.0,40.9,2.5,0.0,yellow_taxi
401,2023-01-01 00:41:30,2023-01-01 01:03:23,2.0,2.8,231,164,1,22.6,3.5,0.5,5.0,0.0,32.6,2.5,0.0,yellow_taxi
402,2023-01-01 00:20:19,2023-01-01 00:56:18,1.0,2.04,50,186,1,28.2,1.0,0.5,0.0,0.0,33.2,2.5,0.0,yellow_taxi
403,2023-01-01 00:58:00,2023-01-01 01:12:24,1.0,0.64,186,164,2,12.8,1.0,0.5,0.0,0.0,17.8,2.5,0.0,yellow_taxi
404,2023-01-01 00:35:23,2023-01-01 00:43:37,1.0,1.46,170,237,1,10.0,1.0,0.5,3.75,0.0,18.75,2.5,0.0,yellow_taxi
405,2023-01-01 00:30:15,2023-01-01 00:52:07,1.0,5.5,142,107,1,27.5,3.5,0.5,3.0,0.0,35.5,2.5,0.0,yellow_taxi
406,2023-01-01 00:59:15,2023-01-01 01:06:08,1.0,1.6,137,229,1,9.3,3.5,0.5,2.85,0.0,17.15,2.5,0.0,yellow_taxi
407,2023-01-01 00:23:54,2023-01-01 00:47:59,3.0,2.41,50,158,1,21.9,1.0,0.5,5.38,0.0,32.28,2.5,0.0,yellow_taxi
408,2023-01-01 00:54:14,2023-01-01 01:21:38,1.0,5.73,249,263,1,28.2,1.0,0.5,6.64,0.0,39.84,2.5,0.0,yellow_taxi
409,2023-01-01 00:36:36,2023-01-01 00:41:13,1.0,0.79,166,238,1,7.2,1.0,0.5,2.42,0.0,12.12,0.0,0.0,yellow_taxi
410,2023-01-01 00:46:38,2023-01-01 00:53:59,1.0,1.63,238,166,1,10.7,1.0,0.5,3.14,0.0,18.84,2.5,0.0,yellow_taxi
411,2023-01-01 00:57:41,2023-01-01 01:08:49,1.0,2.23,166,143,1,13.5,1.0,0.5,4.0,0.0,22.5,2.5,0.0,yellow_taxi
412,2023-01-01 00:13:35,2023-01-01 00:18:20,2.0,0.9,234,114,1,6.5,3.5,0.5,2.3,0.0,13.8,2.5,0.0,yellow_taxi
413,2023-01-01 00:19:08,2023-01-01 00:41:30,1.0,4.6,114,140,1,22.6,3.5,0.5,5.5,0.0,33.1,2.5,0.0,yellow_taxi
414,2023-01-01 00:46:20,2023-01-01 00:58:12,1.0,2.9,141,107,1,14.2,3.5,0.5,3.8,0.0,23.0,2.5,0.0,yellow_taxi
415,2023-01-01 00:34:39,2023-01-01 01:01:41,2.0,6.49,113,202,1,30.3,1.0,0.5,1.0,0.0,36.3,2.5,0.0,yellow_taxi
416,2023-01-01 00:04:44,2023-01-01 00:20:05,1.0,2.47,237,107,1,15.6,1.0,0.5,6.18,0.0,26.78,2.5,0.0,yellow_taxi
417,2023-01-01 00:21:22,2023-01-01 00:28:10,1.0,0.91,107,79,1,7.9,1.0,0.5,2.58,0.0,15.48,2.5,0.0,yellow_taxi
418,2023-01-01 00:30:28,2023-01-01 00:36:22,1.0,1.31,79,170,1,8.6,1.0,0.5,2.72,0.0,16.32,2.5,0.0,yellow_taxi
419,2023-01-01 00:41:48,2023-01-01 00:50:29,1.0,1.39,170,79,1,10.0,1.0,0.5,2.0,0.0,17.0,2.5,0.0,yellow_taxi
420,2023-01-01 00:51:42,2023-01-01 01:16:33,1.0,4.39,79,236,1,26.1,1.0,0.5,1.0,0.0,32.1,2.5,0.0,yellow_taxi
421,2023-01-01 00:17:12,2023-01-01 00:36:04,3.0,3.01,65,181,1,19.8,1.0,0.5,4.01,0.0,26.31,0.0,0.0,yellow_taxi
422,2023-01-01 00:43:26,2023-01-01 01:05:24,2.0,4.78,181,255,1,26.8,1.0,0.5,7.33,0.0,36.63,0.0,0.0,yellow_taxi
423,2023-01-01 00:28:28,2023-01-01 00:34:21,1.0,1.02,43,162,2,7.9,1.0,0.5,0.0,0.0,12.9,2.5,0.0,yellow_taxi
424,2023-01-01 00:41:47,2023-01-01 00:54:38,1.0,2.16,161,137,1,13.5,1.0,0.5,2.78,0.0,21.28,2.5,0.0,yellow_taxi
425,2023-01-01 00:53:39,2023-01-01 01:30:11,4.0,3.03,48,224,1,30.3,1.0,0.5,0.0,0.0,34.6,2.5,0.0,yellow_taxi
426,2023-01-01 00:14:28,2023-01-01 00:19:47,1.0,1.7,137,140,2,8.6,3.5,0.5,0.0,0.0,13.6,2.5,0.0,yellow_taxi
427,2023-01-01 00:45:02,2023-01-01 01:01:10,1.0,4.4,148,263,1,20.5,3.5,0.5,5.1,0.0,30.6,2.5,0.0,yellow_taxi
428,2023-01-01 00:07:18,2023-01-01 00:23:15,1.0,7.74,138,256,2,32.4,6.0,0.5,0.0,0.0,41.15,0.0,1.25,yellow_taxi
429,2023-01-01 00:45:43,2023-01-01 00:55:12,1.0,1.22,68,249,1,10.0,1.0,0.5,3.0,0.0,18.0,2.5,0.0,yellow_taxi
430,2023-01-01 00:48:25,2023-01-01 01:03:32,1.0,5.92,151,243,2,26.1,1.0,0.5,0.0,0.0,28.6,0.0,0.0,yellow_taxi
431,2023-01-01 00:08:59,2023-01-01 00:24:23,1.0,5.38,262,79,1,24.0,1.0,0.5,5.8,0.0,34.8,2.5,0.0,yellow_taxi
432,2023-01-01 00:28:43,2023-01-01 00:42:25,1.0,4.6,79,261,1,21.2,1.0,0.5,5.0,0.0,31.2,2.5,0.0,yellow_taxi
433,2023-01-01 00:47:54,2023-01-01 00:53:04,1.0,0.63,13,261,2,7.2,1.0,0.5,0.0,0.0,12.2,2.5,0.0,yellow_taxi
434,2023-01-01 00:54:19,2023-01-01 01:10:21,1.0,3.29,13,246,2,17.0,1.0,0.5,0.0,0.0,22.0,2.5,0.0,yellow_taxi
435,2023-01-01 00:15:48,2023-01-01 00:29:17,1.0,2.65,144,246,1,14.9,1.0,0.5,3.98,0.0,23.88,2.5,0.0,yellow_taxi
436,2023-01-01 00:30:08,2023-01-01 00:42:22,1.0,1.11,246,246,1,12.1,1.0,0.5,3.42,0.0,20.52,2.5,0.0,yellow_taxi
437,2023-01-01 00:53:06,2023-01-01 00:57:18,1.0,0.47,246,246,1,5.8,1.0,0.5,3.24,0.0,14.04,2.5,0.0,yellow_taxi
438,2023-01-01 00:13:35,2023-01-01 00:28:01,2.0,3.2,236,107,1,17.0,1.0,0.5,4.4,0.0,26.4,2.5,0.0,yellow_taxi
439,2023-01-01 00:35:47,2023-01-01 00:53:44,1.0,3.56,229,238,1,19.8,1.0,0.5,4.96,0.0,29.76,2.5,0.0,yellow_taxi
440,2023-01-01 00:58:13,2023-01-01 01:25:56,2.0,4.46,239,107,1,27.5,1.0,0.5,6.5,0.0,39.0,2.5,0.0,yellow_taxi
441,2023-01-01 00:16:14,2023-01-01 00:48:32,1.0,10.32,161,225,2,45.7,1.0,0.5,0.0,6.55,57.25,2.5,0.0,yellow_taxi
442,2023-01-01 00:37:17,2023-01-01 00:38:51,1.0,0.0,255,264,1,40.0,0.0,0.0,8.2,0.0,49.2,0.0,0.0,yellow_taxi
443,2023-01-01 00:41:48,2023-01-01 00:49:14,3.0,2.07,256,148,1,11.4,1.0,0.5,3.28,0.0,19.68,2.5,0.0,yellow_taxi
444,2023-01-01 00:14:02,2023-01-01 00:19:25,1.0,1.9,239,24,1,9.3,3.5,0.5,3.55,0.0,17.85,2.5,0.0,yellow_taxi
445,2023-01-01 00:22:03,2023-01-01 00:27:28,1.0,0.9,151,238,1,7.2,3.5,0.5,3.65,0.0,15.85,2.5,0.0,yellow_taxi
446,2023-01-01 00:30:13,2023-01-01 00:42:03,2.0,2.2,239,236,1,12.8,3.5,0.5,2.0,0.0,19.8,2.5,0.0,yellow_taxi
447,2023-01-01 00:46:13,2023-01-01 00:49:17,1.0,0.8,236,237,1,5.8,3.5,0.5,3.2,0.0,14.0,2.5,0.0,yellow_taxi
448,2023-01-01 00:51:10,2023-01-01 00:52:55,2.0,0.6,237,229,1,5.1,3.5,0.5,2.0,0.0,12.1,2.5,0.0,yellow_taxi
449,2023-01-01 00:58:13,2023-01-01 01:09:25,1.0,2.6,229,238,1,13.5,3.5,0.5,3.7,0.0,22.2,2.5,0.0,yellow_taxi
450,2023-01-01 00:07:59,2023-01-01 00:29:34,1.0,2.6,148,246,1,17.0,3.5,0.5,10.0,0.0,32.0,2.5,0.0,yellow_taxi
451,2023-01-01 00:31:09,2023-01-01 00:39:47,1.0,0.9,68,48,1,8.6,3.5,0.5,2.72,0.0,16.32,2.5,0.0,yellow_taxi
452,2023-01-01 00:47:42,2023-01-01 01:19:35,3.0,7.8,50,243,2,38.0,3.5,0.5,0.0,0.0,43.0,2.5,0.0,yellow_taxi
453,2023-01-01 00:12:48,2023-01-01 00:19:33,1.0,1.67,237,233,1,10.0,1.0,0.5,3.0,0.0,18.0,2.5,0.0,yellow_taxi
454,2023-01-01 00:34:43,2023-01-01 00:47:10,2.0,2.58,140,239,1,14.2,1.0,0.5,4.8,0.0,24.0,2.5,0.0,yellow_taxi
455,2023-01-01 00:48:49,2023-01-01 01:03:23,2.0,2.91,239,262,1,16.3,1.0,0.5,4.26,0.0,25.56,2.5,0.0,yellow_taxi
456,2023-01-01 00:16:06,2023-01-01 00:35:29,1.0,3.7,237,79,2,20.5,1.0,0.5,0.0,0.0,25.5,2.5,0.0,yellow_taxi
457,2023-01-01 00:39:44,2023-01-01 00:59:24,1.0,4.44,79,236,1,22.6,1.0,0.5,5.52,0.0,33.12,2.5,0.0,yellow_taxi
458,2023-01-01 00:22:19,2023-01-01 00:57:18,1.0,11.08,132,188,1,50.6,1.0,0.5,10.87,0.0,65.22,0.0,1.25,yellow_taxi
459,2023-01-01 00:33:51,2023-01-01 00:46:59,1.0,5.34,132,216,1,23.3,1.0,0.5,3.0,0.0,30.05,0.0,1.25,yellow_taxi
460,2023-01-01 00:16:38,2023-01-01 00:40:43,1.0,4.82,163,223,1,26.1,1.0,0.5,9.33,0.0,40.43,2.5,0.0,yellow_taxi
461,2023-01-01 00:18:42,2023-01-01 00:34:09,1.0,2.1,231,107,1,15.6,3.5,0.5,4.1,0.0,24.7,2.5,0.0,yellow_taxi
462,2023-01-01 00:35:05,2023-01-01 00:46:24,1.0,2.6,107,140,1,14.2,3.5,0.5,5.0,0.0,24.2,2.5,0.0,yellow_taxi
463,2023-01-01 00:47:42,2023-01-01 00:55:49,2.0,1.0,140,237,2,9.3,3.5,0.5,0.0,0.0,14.3,2.5,0.0,yellow_taxi
464,2023-01-01 00:27:20,2023-01-01 00:39:57,1.0,2.42,170,263,2,14.2,1.0,0.5,0.0,0.0,19.2,2.5,0.0,yellow_taxi
465,2023-01-01 00:32:17,2023-01-01 01:25:08,1.0,9.43,231,116,1,56.9,1.0,0.5,0.0,0.0,61.9,2.5,0.0,yellow_taxi
466,2023-01-01 00:36:19,2023-01-01 01:08:38,2.0,10.64,132,225,2,46.4,1.0,0.5,0.0,0.0,50.15,0.0,1.25,yellow_taxi
467,2023-01-01 00:09:35,2023-01-01 00:27:51,1.0,4.19,114,236,1,21.2,1.0,0.5,5.24,0.0,31.44,2.5,0.0,yellow_taxi
468,2023-01-01 00:28:34,2023-01-01 00:33:38,1.0,0.96,236,140,1,7.2,1.0,0.5,2.44,0.0,14.64,2.5,0.0,yellow_taxi
469,2023-01-01 00:38:23,2023-01-01 00:39:39,1.0,0.4,140,263,1,4.4,1.0,0.5,1.88,0.0,11.28,2.5,0.0,yellow_taxi
470,2023-01-01 00:42:14,2023-01-01 00:50:19,1.0,2.27,262,229,1,11.4,1.0,0.5,3.28,0.0,19.68,2.5,0.0,yellow_taxi
471,2023-01-01 00:52:37,2023-01-01 00:56:59,1.0,0.86,229,141,1,6.5,1.0,0.5,2.3,0.0,13.8,2.5,0.0,yellow_taxi
472,2023-01-01 00:32:53,2023-01-01 00:43:46,1.0,1.81,246,249,1,12.1,1.0,0.5,5.13,0.0,22.23,2.5,0.0,yellow_taxi
473,2023-01-01 00:45:01,2023-01-01 00:48:01,2.0,0.79,249,90,1,5.8,1.0,0.5,0.0,0.0,10.8,2.5,0.0,yellow_taxi
474,2023-01-01 00:25:18,2023-01-01 00:32:34,1.0,2.39,229,79,2,11.4,1.0,0.5,0.0,0.0,16.4,2.5,0.0,yellow_taxi
475,2023-01-01 00:35:51,2023-01-01 00:40:10,1.0,1.12,79,137,1,7.2,1.0,0.5,2.44,0.0,14.64,2.5,0.0,yellow_taxi
476,2023-01-01 00:42:13,2023-01-01 01:01:03,3.0,5.68,233,41,1,26.1,1.0,0.5,7.78,0.0,38.88,2.5,0.0,yellow_taxi
477,2023-01-01 00:12:37,2023-01-01 00:48:50,1.0,2.4,90,50,1,22.0,3.0,0.5,4.0,0.0,30.5,2.5,0.0,yellow_taxi
478,2023-01-01 00:52:18,2023-01-01 01:21:08,1.0,4.4,50,144,2,20.0,3.0,0.5,0.0,0.0,24.5,2.5,0.0,yellow_taxi
479,2023-01-01 00:11:17,2023-01-01 00:16:10,6.0,1.0,229,140,1,7.2,3.5,0.5,3.65,0.0,15.85,2.5,0.0,yellow_taxi
480,2023-01-01 00:18:07,2023-01-01 00:31:22,2.0,2.3,140,142,1,13.5,3.5,0.5,3.7,0.0,22.2,2.5,0.0,yellow_taxi
481,2023-01-01 00:34:11,2023-01-01 00:49:41,2.0,2.7,239,263,1,14.9,3.5,0.5,0.0,0.0,19.9,2.5,0.0,yellow_taxi
482,2023-01-01 00:54:49,2023-01-01 00:58:10,1.0,0.8,263,141,1,5.8,3.5,0.5,2.0,0.0,12.8,2.5,0.0,yellow_taxi
483,2023-01-01 00:09:43,2023-01-01 00:16:41,3.0,1.9,43,238,1,10.7,1.0,0.5,0.78,0.0,16.48,2.5,0.0,yellow_taxi
484,2023-01-01 00:20:33,2023-01-01 00:35:02,2.0,2.29,238,50,1,15.6,1.0,0.5,2.0,0.0,22.6,2.5,0.0,yellow_taxi
485,2023-01-01 00:22:18,2023-01-01 00:28:17,0.0,1.3,170,107,1,8.6,3.5,0.5,2.7,0.0,16.3,2.5,0.0,yellow_taxi
486,2023-01-01 00:30:59,2023-01-01 00:34:46,0.0,1.0,79,107,1,6.5,3.5,0.5,2.3,0.0,13.8,2.5,0.0,yellow_taxi
487,2023-01-01 00:36:19,2023-01-01 00:43:46,0.0,2.3,107,232,1,11.4,3.5,0.5,3.25,0.0,19.65,2.5,0.0,yellow_taxi
488,2023-01-01 00:54:23,2023-01-01 01:08:18,0.0,2.1,79,231,2,12.8,3.5,0.5,0.0,0.0,17.8,2.5,0.0,yellow_taxi
489,2023-01-01 00:24:39,2023-01-01 00:41:58,1.0,0.7,68,50,1,11.4,3.5,0.5,0.0,0.0,16.4,2.5,0.0,yellow_taxi
490,2023-01-01 00:07:18,2023-01-01 00:18:50,1.0,2.19,164,79,2,13.5,1.0,0.5,0.0,0.0,18.5,2.5,0.0,yellow_taxi
491,2023-01-01 00:37:30,2023-01-01 01:03:14,1.0,3.63,234,239,1,24.7,1.0,0.5,5.94,0.0,35.64,2.5,0.0,yellow_taxi
492,2023-01-01 00:18:48,2023-01-01 00:29:10,1.0,1.79,211,107,1,12.1,1.0,0.5,3.42,0.0,20.52,2.5,0.0,yellow_taxi
493,2023-01-01 00:31:35,2023-01-01 00:39:57,1.0,1.63,107,232,1,10.7,1.0,0.5,3.14,0.0,18.84,2.5,0.0,yellow_taxi
494,2023-01-01 00:43:48,2023-01-01 00:58:12,1.0,4.68,148,112,2,21.9,1.0,0.5,0.0,0.0,26.9,2.5,0.0,yellow_taxi
495,2023-01-01 00:23:45,2023-01-01 00:29:44,1.0,1.49,236,239,1,8.6,1.0,0.5,3.4,0.0,17.0,2.5,0.0,yellow_taxi
496,2023-01-01 00:51:55,2023-01-01 00:56:04,1.0,1.25,238,239,1,7.2,1.0,0.5,2.44,0.0,14.64,2.5,0.0,yellow_taxi
497,2023-01-01 00:59:10,2023-01-01 01:10:11,1.0,1.56,239,50,1,12.1,1.0,0.5,2.56,0.0,19.66,2.5,0.0,yellow_taxi
498,2023-01-01 00:13:51,2023-01-01 00:38:24,1.0,4.72,161,261,2,26.1,1.0,0.5,0.0,0.0,31.1,2.5,0.0,yellow_taxi
499,2023-01-01 00:45:00,2023-01-01 00:55:24,1.0,1.56,231,79,1,11.4,1.0,0.5,1.64,0.0,18.04,2.5,0.0,yellow_taxi
