,lpep_pickup_datetime,lpep_dropoff_datetime,PULocationID,DOLocationID,passenger_count,trip_distance,fare_amount,extra,mta_tax,tip_amount,tolls_amount,ehail_fee,total_amount,payment_type,trip_type,congestion_surcharge,taxi_type
0,2023-01-01 00:26:10,2023-01-01 00:37:11,166,143,1.0,2.58,14.9,1.0,0.5,4.03,0.0,,24.18,1.0,1.0,2.75,green_taxi
1,2023-01-01 00:51:03,2023-01-01 00:57:49,24,43,1.0,1.81,10.7,1.0,0.5,2.64,0.0,,15.84,1.0,1.0,0.0,green_taxi
2,2023-01-01 00:35:12,2023-01-01 00:41:32,223,179,1.0,0.0,7.2,1.0,0.5,1.94,0.0,,11.64,1.0,1.0,0.0,green_taxi
3,2023-01-01 00:13:14,2023-01-01 00:19:03,41,238,1.0,1.3,6.5,0.5,1.5,1.7,0.0,,10.2,1.0,1.0,0.0,green_taxi
4,2023-01-01 00:33:04,2023-01-01 00:39:02,41,74,1.0,1.1,6.0,0.5,1.5,0.0,0.0,,8.0,1.0,1.0,0.0,green_taxi
5,2023-01-01 00:53:31,2023-01-01 01:11:04,41,262,1.0,2.78,17.7,1.0,0.5,0.0,0.0,,22.95,2.0,1.0,2.75,green_taxi
6,2023-01-01 00:09:14,2023-01-01 00:26:39,181,45,2.0,3.8,19.1,3.75,1.5,4.85,0.0,,29.2,1.0,1.0,2.75,green_taxi
7,2023-01-01 00:11:58,2023-01-01 00:24:55,24,75,1.0,1.88,14.2,1.0,0.5,0.0,0.0,,16.7,2.0,1.0,0.0,green_taxi
8,2023-01-01 00:41:29,2023-01-01 00:46:26,41,166,2.0,1.11,7.2,1.0,0.5,1.0,0.0,,10.7,1.0,1.0,0.0,green_taxi
9,2023-01-01 00:50:32,2023-01-01 01:13:42,24,140,1.0,4.22,24.7,1.0,0.5,3.0,0.0,,32.95,1.0,1.0,2.75,green_taxi
10,2023-01-01 00:16:12,2023-01-01 00:41:43,255,234,2.0,4.8,26.8,3.75,1.5,0.0,0.0,,32.05,1.0,1.0,2.75,green_taxi
11,2023-01-01 00:08:43,2023-01-01 00:17:08,75,140,1.0,1.99,11.4,1.0,0.5,3.33,0.0,,19.98,1.0,1.0,2.75,green_taxi
12,2023-01-01 00:26:32,2023-01-01 00:45:31,75,148,1.0,7.08,30.3,1.0,0.5,3.0,0.0,,38.55,1.0,1.0,2.75,green_taxi
13,2023-01-01 00:18:35,2023-01-01 00:30:09,66,255,1.0,3.23,17.7,1.0,0.5,4.04,0.0,,24.24,1.0,1.0,0.0,green_taxi
14,2023-01-01 00:39:32,2023-01-01 01:18:06,255,186,1.0,5.91,35.9,1.0,0.5,0.0,0.0,,41.15,2.0,1.0,2.75,green_taxi
15,2023-01-01 00:49:34,2023-01-01 01:08:23,195,210,1.0,11.3,32.5,0.5,1.5,0.0,0.0,,34.5,2.0,1.0,0.0,green_taxi
16,2023-01-01 00:10:45,2023-01-01 00:19:37,83,129,1.0,1.3,15.0,0.0,0.0,0.0,0.0,,15.0,1.0,2.0,0.0,green_taxi
17,2023-01-01 00:35:11,2023-01-01 01:17:35,97,68,1.0,8.28,44.3,1.0,0.5,5.0,0.0,,54.55,1.0,1.0,2.75,green_taxi
18,2023-01-01 00:31:06,2023-01-01 00:42:23,7,260,1.0,2.02,12.8,1.0,0.5,0.0,0.0,,15.3,2.0,1.0,0.0,green_taxi
19,2023-01-01 00:14:37,2023-01-01 00:21:50,41,75,1.0,0.96,8.6,1.0,0.5,0.0,0.0,,11.1,2.0,1.0,0.0,green_taxi
20,2023-01-01 00:26:21,2023-01-01 00:30:26,75,74,1.0,0.96,7.2,1.0,0.5,2.42,0.0,,12.12,1.0,1.0,0.0,green_taxi
21,2023-01-01 00:41:56,2023-01-01 00:46:06,42,42,1.0,0.53,5.8,1.0,0.5,0.0,0.0,,8.3,2.0,1.0,0.0,green_taxi
22,2023-01-01 00:32:02,2023-01-01 00:41:25,41,24,4.0,1.51,11.4,1.0,0.5,0.0,0.0,,13.9,2.0,1.0,0.0,green_taxi
23,2023-01-01 00:55:13,2023-01-01 00:59:47,42,42,3.0,0.88,7.2,1.0,0.5,0.0,0.0,,9.7,2.0,1.0,0.0,green_taxi
24,2023-01-01 00:01:31,2023-01-01 00:16:02,166,244,1.0,2.48,16.3,1.0,0.5,3.76,0.0,,22.56,1.0,1.0,0.0,green_taxi
25,2023-01-01 00:22:31,2023-01-01 00:39:24,255,146,1.0,3.53,19.8,1.0,0.5,4.46,0.0,,26.76,1.0,1.0,0.0,green_taxi
26,2023-01-01 00:57:28,2023-01-01 01:09:31,95,135,1.0,2.25,14.2,1.0,0.5,0.0,0.0,,16.7,2.0,1.0,0.0,green_taxi
27,2023-01-01 00:35:21,2023-01-01 00:53:49,260,173,1.0,2.78,19.1,1.0,0.5,4.32,0.0,,25.92,1.0,1.0,0.0,green_taxi
28,2023-01-01 00:52:52,2023-01-01 01:00:53,134,216,1.0,4.29,18.4,1.0,0.5,4.18,0.0,,25.08,1.0,1.0,0.0,green_taxi
29,2023-01-01 00:32:56,2023-01-01 00:42:53,75,142,1.0,2.53,13.5,1.0,0.5,0.0,0.0,,18.75,2.0,1.0,2.75,green_taxi
30,2023-01-01 00:24:01,2023-01-01 00:32:05,41,238,1.0,1.7,8.0,3.25,1.5,1.0,0.0,,13.75,1.0,1.0,2.75,green_taxi
31,2023-01-01 00:46:48,2023-01-01 01:08:17,95,265,1.0,10.44,47.1,1.0,0.5,9.92,0.0,,59.52,1.0,1.0,0.0,green_taxi
32,2023-01-01 00:40:58,2023-01-01 01:04:32,66,164,4.0,6.78,60.0,0.0,0.0,12.61,0.0,,75.66,1.0,2.0,2.75,green_taxi
33,2023-01-01 00:20:23,2023-01-01 00:24:32,75,74,2.0,1.39,7.9,1.0,0.5,0.0,0.0,,10.4,2.0,1.0,0.0,green_taxi
34,2023-01-01 01:49:24,2023-01-01 01:57:51,223,7,1.0,1.31,10.0,1.0,0.5,2.5,0.0,,15.0,1.0,1.0,0.0,green_taxi
35,2023-01-01 00:41:53,2023-01-01 00:41:58,83,83,1.0,6.7,3.0,1.0,1.5,0.0,0.0,,5.5,3.0,1.0,0.0,green_taxi
36,2023-01-01 00:56:26,2023-01-01 01:14:41,260,95,1.0,3.52,19.1,1.0,0.5,0.0,0.0,,21.6,2.0,1.0,0.0,green_taxi
37,2023-01-01 00:33:10,2023-01-01 00:43:08,130,130,1.0,1.74,11.4,1.0,0.5,2.78,0.0,,16.68,1.0,1.0,0.0,green_taxi
38,2023-01-01 00:58:28,2023-01-01 01:14:46,130,95,1.0,2.31,17.7,1.0,0.5,0.0,0.0,,20.2,2.0,1.0,0.0,green_taxi
39,2023-01-01 00:42:49,2023-01-01 00:51:53,7,223,1.0,1.37,10.7,1.0,0.5,0.0,0.0,,13.2,2.0,1.0,0.0,green_taxi
40,2023-01-01 00:48:21,2023-01-01 01:23:50,258,80,1.0,10.35,47.1,1.0,0.5,0.0,0.0,,49.6,2.0,1.0,0.0,green_taxi
41,2023-01-01 00:08:05,2023-01-01 00:13:26,41,75,6.0,1.05,5.5,0.5,0.5,1.36,0.0,,8.16,1.0,1.0,0.0,green_taxi
42,2023-01-01 00:13:47,2023-01-01 00:25:57,129,223,5.0,3.23,17.0,1.0,0.5,2.22,0.0,,21.72,1.0,1.0,0.0,green_taxi
43,2023-01-01 00:16:10,2023-01-01 00:54:55,66,48,3.0,6.19,75.0,0.0,0.0,0.0,0.0,,78.05,2.0,2.0,2.75,green_taxi
44,2023-01-01 00:04:25,2023-01-01 00:17:50,255,146,1.0,2.8,16.3,1.0,0.5,2.8,0.0,,21.6,1.0,1.0,0.0,green_taxi
45,2023-01-01 00:33:38,2023-01-01 00:38:51,75,263,1.0,1.13,7.9,1.0,0.5,2.63,0.0,,15.78,1.0,1.0,2.75,green_taxi
46,2023-01-01 00:46:08,2023-01-01 00:59:10,75,143,1.0,3.19,15.6,1.0,0.5,6.26,0.0,,27.11,1.0,1.0,2.75,green_taxi
47,2023-01-01 01:00:08,2023-01-01 01:05:46,95,95,1.0,1.26,8.6,1.0,0.5,2.22,0.0,,13.32,1.0,1.0,0.0,green_taxi
48,2023-01-01 00:28:04,2023-01-01 00:43:45,255,80,1.0,2.87,15.6,1.0,0.5,0.0,0.0,,18.1,2.0,1.0,0.0,green_taxi
49,2023-01-01 00:23:04,2023-01-01 23:18:32,255,48,1.0,8.55,47.8,1.0,0.5,5.3,0.0,,58.35,1.0,1.0,2.75,green_taxi
50,2023-01-01 00:34:07,2023-01-01 00:50:01,130,196,1.0,4.46,21.2,1.0,0.5,7.11,0.0,,30.81,1.0,1.0,0.0,green_taxi
51,2023-01-01 00:52:03,2023-01-01 00:57:56,7,260,1.0,1.18,7.9,1.0,0.5,2.6,0.0,,13.0,1.0,1.0,0.0,green_taxi
52,2023-01-01 00:25:31,2023-01-01 00:38:40,116,238,5.0,2.5,15.6,1.0,0.5,0.0,0.0,,18.1,2.0,1.0,0.0,green_taxi
53,2023-01-01 00:53:09,2023-01-01 01:13:35,166,250,5.0,9.01,37.3,1.0,0.5,0.0,0.0,,39.8,2.0,1.0,0.0,green_taxi
54,2023-01-01 00:42:37,2023-01-01 00:47:15,7,223,1.0,0.63,6.5,1.0,0.5,2.25,0.0,,11.25,1.0,1.0,0.0,green_taxi
55,2023-01-01 00:39:52,2023-01-01 00:48:54,129,226,1.0,2.08,15.0,0.0,0.0,0.0,0.0,,16.0,1.0,2.0,0.0,green_taxi
56,2023-01-01 00:15:32,2023-01-01 00:23:03,24,239,1.0,1.47,10.0,1.0,0.5,4.58,0.0,,19.83,1.0,1.0,2.75,green_taxi
57,2023-01-01 00:06:48,2023-01-01 01:08:47,129,226,2.0,7.83,52.0,1.0,0.5,0.0,0.0,,54.5,2.0,1.0,0.0,green_taxi
58,2023-01-01 00:57:15,2023-01-01 01:00:15,75,75,1.0,0.0,4.4,1.0,0.5,1.38,0.0,,8.28,1.0,1.0,0.0,green_taxi
59,2023-01-01 00:14:13,2023-01-01 00:25:43,129,226,2.0,2.15,13.5,1.0,0.5,0.0,0.0,,16.0,2.0,1.0,0.0,green_taxi
60,2023-01-01 00:52:48,2023-01-01 01:21:19,92,189,1.0,12.73,51.3,1.0,0.5,0.0,0.0,,53.8,2.0,1.0,0.0,green_taxi
61,2023-01-01 00:34:13,2023-01-01 00:43:57,75,41,1.0,1.62,11.4,1.0,0.5,0.0,0.0,,13.9,1.0,1.0,0.0,green_taxi
62,2023-01-01 00:44:41,2023-01-01 00:48:26,42,168,1.0,1.26,7.2,1.0,0.5,0.0,0.0,,9.7,2.0,1.0,0.0,green_taxi
63,2023-01-01 00:11:12,2023-01-01 00:38:12,65,162,2.0,7.3,25.5,3.25,1.5,7.55,0.0,,37.8,1.0,1.0,2.75,green_taxi
64,2023-01-01 01:44:43,2023-01-01 01:57:31,74,141,1.0,2.73,15.6,1.0,0.5,2.08,0.0,,22.93,1.0,1.0,2.75,green_taxi
65,2023-01-01 01:04:44,2023-01-01 01:11:23,74,41,1.0,1.1,6.5,0.5,1.5,1.5,0.0,,10.0,1.0,1.0,0.0,green_taxi
66,2023-01-01 01:48:11,2023-01-01 02:05:51,17,33,1.0,2.5,15.6,1.0,1.5,0.0,0.0,,18.1,2.0,1.0,0.0,green_taxi
67,2023-01-01 01:11:39,2023-01-01 01:41:21,152,140,2.0,4.9,26.8,3.75,1.5,6.41,0.0,,38.46,1.0,1.0,2.75,green_taxi
68,2023-01-01 01:54:25,2023-01-01 02:05:19,255,145,1.0,2.17,13.5,1.0,0.5,3.2,0.0,,19.2,1.0,1.0,0.0,green_taxi
69,2023-01-01 01:59:10,2023-01-01 02:11:36,74,151,1.0,2.02,13.5,1.0,0.5,0.0,0.0,,16.0,2.0,1.0,0.0,green_taxi
70,2023-01-01 01:22:35,2023-01-01 01:25:11,42,116,1.0,0.6,5.1,1.0,1.5,0.0,0.0,,7.6,2.0,1.0,0.0,green_taxi
71,2023-01-01 01:37:10,2023-01-01 01:41:30,41,74,1.0,0.8,6.5,1.0,1.5,0.0,0.0,,9.0,1.0,1.0,0.0,green_taxi
72,2023-01-01 01:46:22,2023-01-01 02:04:14,66,195,1.0,2.39,17.0,1.0,0.5,4.88,0.0,,24.38,1.0,1.0,0.0,green_taxi
73,2023-01-01 01:59:48,2023-01-01 02:05:29,210,210,1.0,1.1,6.0,0.5,1.5,0.0,0.0,,8.0,2.0,1.0,0.0,green_taxi
74,2023-01-01 01:09:49,2023-01-01 01:17:55,112,80,1.0,1.23,9.3,1.0,0.5,2.36,0.0,,14.16,1.0,1.0,0.0,green_taxi
75,2023-01-01 01:23:35,2023-01-01 01:53:43,255,249,1.0,4.9,29.6,1.0,0.5,8.71,0.0,,43.56,1.0,1.0,2.75,green_taxi
76,2023-01-01 01:53:20,2023-01-01 02:27:01,69,186,1.0,10.45,48.5,1.0,0.5,0.0,0.0,,53.75,1.0,1.0,2.75,green_taxi
77,2023-01-01 01:32:14,2023-01-01 01:43:55,243,235,2.0,2.23,13.5,1.0,0.5,0.0,0.0,,16.0,2.0,1.0,0.0,green_taxi
78,2023-01-01 01:01:05,2023-01-01 01:13:02,82,160,1.0,2.21,12.8,1.0,0.5,0.0,0.0,,15.3,2.0,1.0,0.0,green_taxi
79,2023-01-01 01:34:41,2023-01-01 02:00:06,260,262,1.0,5.2,28.2,1.0,0.5,6.69,0.0,,40.14,1.0,1.0,2.75,green_taxi
80,2023-01-01 01:52:08,2023-01-01 02:00:57,134,98,1.0,5.25,21.9,1.0,0.5,0.0,0.0,,24.4,1.0,1.0,0.0,green_taxi
81,2023-01-01 01:49:28,2023-01-01 02:13:18,112,238,1.0,6.32,29.6,1.0,0.5,0.0,0.0,,34.85,2.0,1.0,2.75,green_taxi
82,2023-01-01 01:03:59,2023-01-01 01:07:17,75,74,1.0,0.53,5.8,1.0,0.5,0.0,0.0,,8.3,2.0,1.0,0.0,green_taxi
83,2023-01-01 01:13:11,2023-01-01 01:26:01,74,235,1.0,3.82,18.4,1.0,0.5,4.18,0.0,,25.08,1.0,1.0,0.0,green_taxi
84,2023-01-01 01:40:06,2023-01-01 01:49:28,74,140,1.0,3.58,17.0,1.0,0.5,4.45,0.0,,26.7,1.0,1.0,2.75,green_taxi
85,2023-01-01 01:33:50,2023-01-01 01:38:15,41,166,1.0,0.7,5.0,0.5,1.5,1.75,0.0,,8.75,1.0,1.0,0.0,green_taxi
86,2023-01-01 01:45:19,2023-01-01 01:47:57,166,166,1.0,0.6,4.0,0.5,1.5,0.0,0.0,,6.0,2.0,1.0,0.0,green_taxi
87,2023-01-01 01:51:29,2023-01-01 02:05:02,97,79,1.0,2.91,17.0,1.0,0.5,4.45,0.0,,26.7,1.0,1.0,2.75,green_taxi
88,2023-01-01 01:34:07,2023-01-01 01:52:34,166,229,2.0,5.13,25.4,1.0,0.5,7.66,0.0,,38.31,1.0,1.0,2.75,green_taxi
89,2023-01-01 01:10:08,2023-01-01 01:30:01,210,216,1.0,12.4,47.1,1.0,1.5,0.0,0.0,,49.6,2.0,1.0,0.0,green_taxi
90,2023-01-01 01:32:17,2023-01-01 01:41:04,83,129,1.0,1.45,10.0,1.0,0.5,0.0,0.0,,12.5,2.0,1.0,0.0,green_taxi
91,2023-01-01 01:48:28,2023-01-01 02:16:18,129,166,1.0,7.52,36.6,1.0,0.5,2.0,6.55,,47.65,1.0,1.0,0.0,green_taxi
92,2023-01-01 01:30:43,2023-01-01 01:40:20,130,130,1.0,1.81,10.7,1.0,0.5,0.0,0.0,,13.2,2.0,1.0,0.0,green_taxi
93,2023-01-01 01:51:10,2023-01-01 02:00:28,130,135,1.0,2.45,13.5,1.0,0.5,0.0,0.0,,16.0,1.0,1.0,0.0,green_taxi
94,2023-01-01 01:09:36,2023-01-01 01:12:39,7,179,1.0,0.54,5.1,1.0,0.5,1.52,0.0,,9.12,1.0,1.0,0.0,green_taxi
95,2023-01-01 01:19:54,2023-01-01 01:23:25,7,179,1.0,0.47,5.8,1.0,0.5,2.49,0.0,,10.79,1.0,1.0,0.0,green_taxi
96,2023-01-01 01:31:10,2023-01-01 01:37:17,7,179,1.0,1.16,7.9,1.0,0.5,2.08,0.0,,12.48,1.0,1.0,0.0,green_taxi
97,2023-01-01 01:42:30,2023-01-01 02:26:39,179,226,1.0,15.39,66.0,1.0,0.5,0.0,0.0,,68.5,1.0,1.0,0.0,green_taxi
98,2023-01-01 00:57:51,2023-01-01 01:07:05,260,74,2.0,5.34,52.0,0.0,0.0,0.0,6.55,,59.55,1.0,2.0,0.0,green_taxi
99,2023-01-01 01:27:36,2023-01-01 01:27:43,168,168,0.0,0.0,20.0,0.0,0.0,0.0,0.0,,21.0,1.0,2.0,0.0,green_taxi
100,2023-01-01 01:49:30,2023-01-01 02:02:16,74,238,1.0,2.56,15.6,1.0,0.5,0.0,0.0,,20.85,1.0,1.0,2.75,green_taxi
101,2023-01-01 01:30:39,2023-01-01 02:20:23,80,145,2.0,14.97,50.0,0.0,0.0,0.0,0.0,,53.75,2.0,2.0,2.75,green_taxi
102,2023-01-01 01:27:06,2023-01-01 01:30:39,179,7,5.0,0.62,5.8,1.0,0.5,1.0,0.0,,9.3,1.0,1.0,0.0,green_taxi
103,2023-01-01 01:43:43,2023-01-01 01:51:28,7,7,5.0,0.87,8.6,1.0,0.5,2.0,0.0,,13.1,1.0,1.0,0.0,green_taxi
104,2023-01-01 01:11:01,2023-01-01 01:11:06,179,179,2.0,0.01,190.0,0.0,0.0,0.0,0.0,,191.0,2.0,2.0,0.0,green_taxi
105,2023-01-01 01:45:26,2023-01-01 01:52:36,82,260,5.0,0.86,7.9,1.0,0.5,2.08,0.0,,12.48,1.0,1.0,0.0,green_taxi
106,2023-01-01 01:40:56,2023-01-01 01:53:39,25,181,5.0,2.38,14.2,1.0,0.5,0.0,0.0,,16.7,2.0,1.0,0.0,green_taxi
107,2023-01-01 01:11:13,2023-01-01 01:11:36,7,7,1.0,0.0,3.0,1.0,0.5,9.0,0.0,,14.5,1.0,1.0,0.0,green_taxi
108,2023-01-01 01:53:59,2023-01-02 00:00:00,260,223,1.0,2.64,14.9,1.0,0.5,0.0,0.0,,17.4,1.0,1.0,0.0,green_taxi
109,2023-01-01 01:39:04,2023-01-01 02:00:43,75,95,1.0,11.34,44.3,1.0,0.5,6.65,6.55,,60.0,1.0,1.0,0.0,green_taxi
110,2023-01-01 01:40:51,2023-01-01 01:47:06,74,75,1.0,1.61,9.3,1.0,0.5,1.55,0.0,,13.35,1.0,1.0,0.0,green_taxi
111,2023-01-01 01:20:45,2023-01-01 01:27:18,145,193,1.0,2.0,10.7,1.0,0.5,2.64,0.0,,15.84,1.0,1.0,0.0,green_taxi
112,2023-01-01 01:41:01,2023-01-01 01:56:39,112,237,1.0,4.08,20.5,1.0,0.5,6.44,0.0,,32.19,1.0,1.0,2.75,green_taxi
113,2023-01-01 01:23:22,2023-01-01 01:54:19,66,41,1.0,10.96,46.4,1.0,0.5,10.33,0.0,,61.98,1.0,1.0,2.75,green_taxi
114,2023-01-01 01:22:37,2023-01-01 01:41:04,66,233,1.0,6.14,28.2,1.0,0.5,0.0,0.0,,33.45,2.0,1.0,2.75,green_taxi
115,2023-01-01 01:52:58,2023-01-01 01:53:00,264,264,1.0,0.0,3.0,1.0,0.5,21.5,0.0,,26.3,1.0,1.0,0.0,green_taxi
116,2023-01-01 01:39:41,2023-01-01 01:53:43,95,102,1.0,3.16,17.7,1.0,0.5,3.0,0.0,,23.2,1.0,1.0,0.0,green_taxi
117,2023-01-01 01:20:03,2023-01-01 01:31:13,130,10,1.0,1.67,12.1,1.0,0.5,4.38,0.0,,18.98,1.0,1.0,0.0,green_taxi
118,2023-01-01 01:25:46,2023-01-02 00:29:15,129,37,1.0,6.53,31.0,1.0,0.5,0.0,0.0,,33.5,2.0,1.0,0.0,green_taxi
119,2023-01-01 01:57:54,2023-01-01 02:15:39,80,223,1.0,6.81,29.6,1.0,0.5,6.42,0.0,,38.52,1.0,1.0,0.0,green_taxi
120,2023-01-01 01:20:33,2023-01-01 01:41:30,33,237,1.0,8.07,33.8,1.0,0.5,7.81,0.0,,46.86,1.0,1.0,2.75,green_taxi
121,2023-01-01 01:25:25,2023-01-01 01:37:29,7,260,1.0,1.71,12.8,1.0,0.5,0.0,0.0,,15.3,2.0,1.0,0.0,green_taxi
122,2023-01-01 01:04:34,2023-01-01 01:27:50,82,258,1.0,5.22,26.1,1.0,0.5,0.0,0.0,,28.6,2.0,1.0,0.0,green_taxi
123,2023-01-01 01:12:44,2023-01-01 01:47:04,226,129,2.0,3.59,28.2,1.0,0.5,0.0,0.0,,30.7,2.0,1.0,0.0,green_taxi
124,2023-01-01 01:33:08,2023-01-01 01:43:22,129,160,2.0,2.08,12.1,1.0,0.5,0.0,0.0,,14.6,2.0,1.0,0.0,green_taxi
125,2023-01-01 01:26:25,2023-01-01 01:38:22,41,237,1.0,2.9,14.9,1.0,0.5,2.0,0.0,,22.15,1.0,1.0,2.75,green_taxi
126,2023-01-01 01:26:44,2023-01-01 01:39:50,260,82,1.0,1.71,12.8,1.0,0.5,2.0,0.0,,17.3,1.0,1.0,0.0,green_taxi
127,2023-01-01 00:57:39,2023-01-01 01:04:53,260,129,5.0,1.17,9.3,1.0,0.5,0.0,0.0,,11.8,2.0,1.0,0.0,green_taxi
128,2023-01-01 01:39:41,2023-01-01 01:48:58,260,226,1.0,1.52,10.7,1.0,0.5,3.96,0.0,,17.16,1.0,1.0,0.0,green_taxi
129,2023-01-01 01:15:34,2023-01-01 01:25:56,166,42,1.0,1.52,11.4,1.0,0.5,0.0,0.0,,13.9,2.0,1.0,0.0,green_taxi
130,2023-01-01 01:35:02,2023-01-01 01:54:15,41,170,1.0,4.62,22.6,1.0,0.5,0.0,0.0,,27.85,2.0,1.0,2.75,green_taxi
131,2023-01-01 01:04:05,2023-01-01 01:24:33,66,61,1.0,3.8,15.5,0.5,1.5,0.0,0.0,,17.5,2.0,1.0,0.0,green_taxi
132,2023-01-01 02:28:20,2023-01-01 02:42:14,66,80,1.0,3.5,17.7,1.0,1.5,6.06,0.0,,26.26,1.0,1.0,0.0,green_taxi
133,2023-01-01 02:06:48,2023-01-01 02:27:09,145,223,1.0,4.12,24.0,1.0,0.5,0.0,0.0,,26.5,2.0,1.0,0.0,green_taxi
134,2023-01-01 02:50:52,2023-01-01 03:04:43,255,181,1.0,6.39,26.8,1.0,0.5,8.79,0.0,,38.09,1.0,1.0,0.0,green_taxi
135,2023-01-01 02:23:49,2023-01-01 02:31:14,166,41,1.0,1.18,9.3,1.0,0.5,0.0,0.0,,11.8,2.0,1.0,0.0,green_taxi
136,2023-01-01 02:36:03,2023-01-01 02:42:39,41,151,1.0,1.53,9.3,1.0,0.5,0.0,0.0,,11.8,2.0,1.0,0.0,green_taxi
137,2023-01-01 02:16:55,2023-01-01 02:22:07,42,41,1.0,1.1,7.2,1.0,1.5,0.0,0.0,,9.7,1.0,1.0,0.0,green_taxi
138,2023-01-01 02:29:20,2023-01-01 02:38:19,42,244,1.0,1.9,10.7,1.0,1.5,0.0,0.0,,13.2,2.0,1.0,0.0,green_taxi
139,2023-01-01 02:18:51,2023-01-01 02:30:33,255,112,1.0,1.75,12.1,1.0,0.5,0.0,0.0,,14.6,2.0,1.0,0.0,green_taxi
140,2023-01-01 02:08:19,2023-01-01 02:19:49,195,231,1.0,4.29,19.1,1.0,0.5,4.87,0.0,,29.22,1.0,1.0,2.75,green_taxi
141,2023-01-01 02:27:13,2023-01-01 02:47:12,66,37,1.0,3.5,21.2,1.0,0.5,4.0,0.0,,27.7,1.0,1.0,0.0,green_taxi
142,2023-01-01 02:07:45,2023-01-01 02:19:33,52,97,1.0,1.7,12.1,1.0,0.5,4.38,0.0,,18.98,1.0,1.0,0.0,green_taxi
143,2023-01-01 02:33:55,2023-01-01 02:56:39,112,17,1.0,4.29,24.0,1.0,0.5,0.0,0.0,,26.5,2.0,1.0,0.0,green_taxi
144,2023-01-01 02:55:37,2023-01-01 03:09:26,75,162,1.0,3.92,19.8,1.0,0.5,7.52,0.0,,32.57,1.0,1.0,2.75,green_taxi
145,2023-01-01 02:50:56,2023-01-01 03:06:10,75,48,1.0,3.84,19.1,1.0,0.5,4.87,0.0,,29.22,1.0,1.0,2.75,green_taxi
146,2023-01-01 02:03:52,2023-01-01 02:03:57,169,169,2.0,0.01,3.0,1.0,0.5,0.0,0.0,,5.5,2.0,1.0,0.0,green_taxi
147,2023-01-01 02:01:43,2023-01-01 02:03:43,179,7,1.0,0.32,25.0,0.0,0.0,6.32,0.0,,31.62,1.0,2.0,0.0,green_taxi
148,2023-01-01 02:06:40,2023-01-01 02:13:56,41,262,1.0,1.68,10.0,1.0,0.5,2.0,0.0,,17.25,1.0,1.0,2.75,green_taxi
149,2023-01-01 02:31:38,2023-01-01 02:44:26,74,116,1.0,3.11,15.6,1.0,0.5,0.0,0.0,,18.1,2.0,1.0,0.0,green_taxi
150,2023-01-01 02:21:04,2023-01-01 02:28:00,95,96,1.0,1.26,9.3,1.0,0.5,0.0,0.0,,11.8,2.0,1.0,0.0,green_taxi
151,2023-01-01 02:36:36,2023-01-01 02:49:44,82,82,1.0,2.1,12.1,1.0,1.5,0.0,0.0,,14.6,2.0,1.0,0.0,green_taxi
152,2023-01-01 02:23:48,2023-01-01 02:35:09,130,219,1.0,5.34,22.6,1.0,0.5,5.02,0.0,,30.12,1.0,1.0,0.0,green_taxi
153,2023-01-01 02:47:13,2023-01-01 02:51:15,210,210,1.0,0.8,6.5,1.0,1.5,2.65,0.0,,11.65,1.0,1.0,0.0,green_taxi
154,2023-01-01 02:18:16,2023-01-01 02:22:01,152,166,1.0,0.82,15.0,0.0,0.0,3.2,0.0,,19.2,1.0,2.0,0.0,green_taxi
155,2023-01-01 02:24:58,2023-01-01 02:37:41,166,243,1.0,3.79,18.4,1.0,0.5,0.0,0.0,,20.9,2.0,1.0,0.0,green_taxi
156,2023-01-01 02:07:23,2023-01-01 02:12:41,75,236,1.0,0.84,7.2,1.0,0.5,3.11,0.0,,15.56,1.0,1.0,2.75,green_taxi
157,2023-01-01 02:13:53,2023-01-01 02:29:29,75,166,1.0,3.27,18.4,1.0,0.5,4.0,0.0,,24.9,1.0,1.0,0.0,green_taxi
158,2023-01-01 02:35:24,2023-01-01 02:38:09,41,166,1.0,0.64,5.1,1.0,0.5,0.0,0.0,,7.6,2.0,1.0,0.0,green_taxi
159,2023-01-01 02:06:14,2023-01-01 02:18:33,41,116,6.0,2.18,10.5,0.5,0.5,2.36,0.0,,14.16,1.0,1.0,0.0,green_taxi
160,2023-01-01 02:24:20,2023-01-01 02:44:17,152,223,6.0,5.52,19.5,0.5,0.5,8.2,6.55,,35.55,1.0,1.0,0.0,green_taxi
161,2023-01-01 02:36:37,2023-01-01 02:50:37,7,226,2.0,2.57,15.6,1.0,0.5,3.62,0.0,,21.72,1.0,1.0,0.0,green_taxi
162,2023-01-01 02:29:37,2023-01-01 02:53:27,223,56,1.0,4.38,24.0,1.0,0.5,0.0,0.0,,26.5,2.0,1.0,0.0,green_taxi
163,2023-01-01 01:59:48,2023-01-01 01:59:51,36,36,2.0,0.09,100.0,0.0,0.0,20.06,0.0,,120.36,1.0,2.0,0.0,green_taxi
164,2023-01-01 02:35:05,2023-01-01 03:00:20,7,129,1.0,6.03,30.3,1.0,0.5,0.0,0.0,,32.8,2.0,1.0,0.0,green_taxi
165,2023-01-01 02:28:55,2023-01-01 02:39:48,75,143,1.0,3.03,15.6,1.0,0.5,3.75,0.0,,24.6,1.0,1.0,2.75,green_taxi
166,2023-01-01 02:37:12,2023-01-01 02:37:15,51,264,3.0,0.0,40.0,0.0,0.0,0.0,0.0,,41.0,1.0,2.0,0.0,green_taxi
167,2023-01-01 02:07:32,2023-01-01 02:19:23,145,112,1.0,2.09,14.2,1.0,0.5,3.34,0.0,,20.04,1.0,1.0,0.0,green_taxi
168,2023-01-01 02:28:59,2023-01-01 02:54:50,112,114,1.0,4.87,40.0,0.0,0.0,8.75,0.0,,52.5,1.0,2.0,2.75,green_taxi
169,2023-01-01 02:50:02,2023-01-01 02:50:27,157,157,1.0,0.0,3.0,1.0,0.5,15.2,0.0,,20.0,1.0,1.0,0.0,green_taxi
170,2023-01-01 02:09:49,2023-01-01 02:16:19,95,95,1.0,1.33,9.3,1.0,0.5,0.0,0.0,,11.8,2.0,1.0,0.0,green_taxi
171,2023-01-01 02:47:27,2023-01-01 02:53:31,168,168,1.0,0.47,10.0,0.0,0.0,0.0,0.0,,11.0,1.0,2.0,0.0,green_taxi
172,2023-01-01 02:59:41,2023-01-01 03:17:21,97,229,1.0,7.33,31.7,1.0,0.5,9.24,0.0,,46.19,1.0,1.0,2.75,green_taxi
173,2023-01-01 02:37:12,2023-01-01 02:37:15,260,264,1.0,0.0,20.0,0.0,0.0,4.2,0.0,,25.2,1.0,2.0,0.0,green_taxi
174,2023-01-01 02:42:06,2023-01-01 02:50:38,43,161,1.0,3.19,14.2,1.0,0.5,3.75,0.0,,22.5,1.0,1.0,2.75,green_taxi
175,2023-01-01 02:42:25,2023-01-01 03:01:16,256,189,1.0,3.63,20.5,1.0,0.5,0.0,0.0,,23.0,2.0,1.0,0.0,green_taxi
176,2023-01-01 02:04:21,2023-01-01 02:09:59,25,54,1.0,1.11,7.9,1.0,0.5,0.0,0.0,,10.4,2.0,1.0,0.0,green_taxi
177,2023-01-01 02:47:09,2023-01-01 03:00:57,25,112,1.0,4.7,21.9,1.0,0.5,0.0,0.0,,24.4,1.0,1.0,0.0,green_taxi
178,2023-01-01 02:18:44,2023-01-01 02:28:31,42,75,5.0,1.78,12.1,1.0,0.5,0.0,0.0,,14.6,1.0,1.0,0.0,green_taxi
179,2023-01-01 02:43:52,2023-01-01 03:01:20,129,56,2.0,2.36,17.0,1.0,0.5,0.0,0.0,,19.5,2.0,1.0,0.0,green_taxi
180,2023-01-01 02:37:18,2023-01-01 03:21:07,82,129,2.0,6.16,40.8,1.0,0.5,0.0,0.0,,43.3,2.0,1.0,0.0,green_taxi
181,2023-01-01 02:17:46,2023-01-01 02:32:48,173,223,2.0,5.87,25.4,1.0,0.5,0.0,0.0,,27.9,2.0,1.0,0.0,green_taxi
182,2023-01-01 02:53:40,2023-01-01 03:13:09,255,90,1.0,4.84,80.0,0.0,0.0,1.0,6.55,,91.3,1.0,2.0,2.75,green_taxi
183,2023-01-01 02:10:04,2023-01-01 02:14:09,260,260,5.0,0.55,5.8,1.0,0.5,0.0,0.0,,8.3,2.0,1.0,0.0,green_taxi
184,2023-01-01 02:06:11,2023-01-01 02:16:20,181,17,5.0,2.11,12.8,1.0,0.5,3.82,0.0,,19.12,1.0,1.0,0.0,green_taxi
185,2023-01-01 02:09:48,2023-01-01 02:11:34,223,223,1.0,0.0,110.0,0.0,0.0,0.0,0.0,,111.0,2.0,2.0,0.0,green_taxi
186,2023-01-01 03:01:54,2023-01-01 03:01:56,129,264,1.0,0.0,12.0,0.0,0.0,0.0,0.0,,13.0,1.0,2.0,0.0,green_taxi
187,2023-01-01 03:04:05,2023-01-01 03:18:01,129,7,1.0,2.37,14.9,1.0,0.5,0.0,0.0,,17.4,2.0,1.0,0.0,green_taxi
188,2023-01-01 02:40:06,2023-01-01 03:01:26,112,36,1.0,3.68,21.2,1.0,0.5,2.0,0.0,,25.7,1.0,1.0,0.0,green_taxi
189,2023-01-01 02:10:41,2023-01-01 02:17:43,75,239,1.0,1.53,9.3,1.0,0.5,2.18,0.0,,16.73,1.0,1.0,2.75,green_taxi
190,2023-01-01 02:54:41,2023-01-01 03:03:06,74,42,1.0,1.74,10.7,1.0,0.5,0.0,0.0,,13.2,2.0,1.0,0.0,green_taxi
191,2023-01-01 02:05:09,2023-01-01 02:09:30,52,40,1.0,1.0,5.0,0.5,1.5,0.0,0.0,,7.0,2.0,1.0,0.0,green_taxi
192,2023-01-01 02:16:38,2023-01-01 02:36:18,25,188,1.0,3.0,14.5,0.5,1.5,3.3,0.0,,19.8,1.0,1.0,0.0,green_taxi
193,2023-01-01 02:38:02,2023-01-01 02:38:04,70,70,1.0,0.0,25.0,0.0,0.0,0.0,0.0,,26.0,1.0,2.0,0.0,green_taxi
194,2023-01-01 02:51:13,2023-01-01 03:24:16,82,63,1.0,9.63,43.6,1.0,0.5,0.05,0.0,,46.15,1.0,1.0,0.0,green_taxi
195,2023-01-01 03:00:27,2023-01-01 03:00:54,251,251,1.0,4.9,23.0,1.0,1.0,0.0,6.55,,31.55,2.0,1.0,0.0,green_taxi
196,2023-01-01 03:34:36,2023-01-01 03:50:04,40,249,1.0,4.1,20.5,3.75,1.5,0.0,0.0,,25.75,2.0,1.0,2.75,green_taxi
197,2023-01-01 03:07:46,2023-01-01 03:11:43,42,42,1.0,0.47,5.8,1.0,0.5,0.0,0.0,,8.3,1.0,1.0,0.0,green_taxi
198,2023-01-01 03:06:11,2023-01-01 03:06:41,101,101,1.0,1.3,90.0,0.0,0.0,0.0,0.0,,90.0,3.0,2.0,0.0,green_taxi
199,2023-01-01 03:07:26,2023-01-01 03:07:50,101,101,1.0,1.3,60.0,0.0,0.0,0.0,0.0,,60.0,1.0,2.0,0.0,green_taxi
200,2023-01-01 03:49:14,2023-01-01 04:07:23,129,92,1.0,6.84,30.3,1.0,0.5,0.0,0.0,,32.8,1.0,1.0,0.0,green_taxi
201,2023-01-01 03:04:10,2023-01-01 03:27:55,255,189,1.0,4.32,24.0,1.0,0.5,2.0,0.0,,28.5,1.0,1.0,0.0,green_taxi
202,2023-01-01 03:17:32,2023-01-01 03:49:31,112,43,1.0,11.56,49.2,1.0,0.5,0.0,0.0,,54.45,2.0,1.0,2.75,green_taxi
203,2023-01-01 03:27:37,2023-01-01 03:33:27,75,236,1.0,1.33,8.6,1.0,0.5,1.0,0.0,,14.85,1.0,1.0,2.75,green_taxi
204,2023-01-01 03:34:24,2023-01-01 03:44:12,75,233,1.0,3.57,15.6,1.0,0.5,0.0,0.0,,20.85,1.0,1.0,2.75,green_taxi
205,2023-01-01 03:06:32,2023-01-01 03:19:06,42,153,2.0,5.7,24.7,1.0,0.5,0.0,0.0,,27.2,2.0,1.0,0.0,green_taxi
206,2023-01-01 03:44:18,2023-01-01 03:57:43,116,42,2.0,2.09,14.2,1.0,0.5,0.0,0.0,,16.7,2.0,1.0,0.0,green_taxi
207,2023-01-01 03:12:42,2023-01-02 02:03:43,129,129,1.0,0.72,20.0,0.0,0.0,6.09,0.0,,26.39,1.0,2.0,0.0,green_taxi
208,2023-01-01 03:49:01,2023-01-01 03:50:37,157,157,4.0,0.03,50.0,0.0,0.0,0.0,0.0,,50.3,1.0,2.0,0.0,green_taxi
209,2023-01-01 03:35:44,2023-01-01 04:30:10,82,82,1.0,0.0,40.8,1.0,0.5,0.0,0.0,,43.3,2.0,1.0,0.0,green_taxi
210,2023-01-01 03:21:05,2023-01-01 03:30:44,92,53,1.0,1.85,12.1,1.0,0.5,0.0,0.0,,14.6,2.0,1.0,0.0,green_taxi
211,2023-01-01 03:33:02,2023-01-01 03:53:47,129,57,1.0,2.62,17.7,1.0,0.5,0.0,0.0,,20.2,2.0,1.0,0.0,green_taxi
212,2023-01-01 03:31:58,2023-01-01 03:52:16,36,189,2.0,4.3,16.0,0.5,1.5,4.5,0.0,,22.5,1.0,1.0,0.0,green_taxi
213,2023-01-01 03:08:39,2023-01-01 03:23:32,95,223,1.0,6.74,28.9,1.0,0.5,4.0,0.0,,35.4,1.0,1.0,0.0,green_taxi
214,2023-01-01 03:11:03,2023-01-01 03:11:09,61,61,2.0,0.04,30.0,0.0,0.0,1.0,0.0,,31.3,1.0,2.0,0.0,green_taxi
215,2023-01-01 03:28:59,2023-01-01 03:29:04,33,33,1.0,0.12,30.0,0.0,0.0,6.06,0.0,,36.36,1.0,2.0,0.0,green_taxi
216,2023-01-01 03:07:37,2023-01-01 03:28:25,241,116,3.0,6.78,30.3,1.0,0.5,0.0,0.0,,32.8,2.0,1.0,0.0,green_taxi
217,2023-01-01 04:20:54,2023-01-01 04:34:30,223,193,1.0,2.34,14.9,1.0,0.5,4.35,0.0,,21.75,1.0,1.0,0.0,green_taxi
218,2023-01-01 03:03:35,2023-01-01 03:12:25,82,70,1.0,3.2,14.9,1.0,1.5,2.0,0.0,,19.4,1.0,1.0,0.0,green_taxi
219,2023-01-01 03:26:34,2023-01-01 03:28:49,129,129,1.0,0.0,25.8,0.0,0.0,5.22,0.0,,31.32,1.0,2.0,0.0,green_taxi
220,2023-01-01 03:16:26,2023-01-01 03:44:51,83,82,1.0,3.49,26.1,1.0,0.5,0.0,0.0,,28.6,2.0,1.0,0.0,green_taxi
221,2023-01-01 03:11:11,2023-01-01 03:11:15,256,256,1.0,0.02,35.0,0.0,0.0,0.0,0.0,,35.3,1.0,2.0,0.0,green_taxi
222,2023-01-01 03:06:36,2023-01-01 03:16:39,179,7,1.0,1.62,11.4,1.0,0.5,2.78,0.0,,16.68,1.0,1.0,0.0,green_taxi
223,2023-01-01 03:47:45,2023-01-01 03:59:56,41,179,1.0,4.05,19.8,1.0,0.5,8.66,6.55,,37.51,1.0,1.0,0.0,green_taxi
224,2023-01-01 03:31:30,2023-01-01 04:01:04,256,129,1.0,6.65,35.2,1.0,0.5,0.0,0.0,,37.7,2.0,1.0,0.0,green_taxi
225,2023-01-01 03:34:40,2023-01-01 03:34:45,92,92,3.0,0.0,40.0,0.0,0.0,0.0,0.0,,41.0,1.0,2.0,0.0,green_taxi
226,2023-01-01 02:58:07,2023-01-01 03:04:41,74,75,6.0,1.53,7.0,0.5,0.5,1.66,0.0,,9.96,1.0,1.0,0.0,green_taxi
227,2023-01-01 03:11:48,2023-01-01 03:12:31,7,264,1.0,0.0,12.0,0.0,0.0,2.6,0.0,,15.6,1.0,2.0,0.0,green_taxi
228,2023-01-01 03:19:20,2023-01-01 03:27:36,179,223,2.0,1.28,9.3,1.0,0.5,2.36,0.0,,14.16,1.0,1.0,0.0,green_taxi
229,2023-01-01 03:07:45,2023-01-01 03:21:50,129,226,5.0,2.0,14.9,1.0,0.5,0.0,0.0,,17.4,2.0,1.0,0.0,green_taxi
230,2023-01-01 03:09:41,2023-01-01 03:22:09,129,129,1.0,1.11,11.4,1.0,0.5,0.0,0.0,,13.9,2.0,1.0,0.0,green_taxi
231,2023-01-01 03:39:38,2023-01-01 03:49:21,129,129,1.0,1.26,10.7,1.0,0.5,2.64,0.0,,15.84,1.0,1.0,0.0,green_taxi
232,2023-01-01 03:47:15,2023-01-01 04:08:28,80,181,3.0,5.91,78.0,0.0,0.0,15.66,0.0,,93.96,1.0,2.0,0.0,green_taxi
233,2023-01-01 03:45:36,2023-01-01 03:52:30,146,7,1.0,1.02,8.6,1.0,0.5,2.78,0.0,,13.88,1.0,1.0,0.0,green_taxi
234,2023-01-01 03:14:01,2023-01-01 03:31:23,256,61,1.0,3.02,18.4,1.0,0.5,4.18,0.0,,25.08,1.0,1.0,0.0,green_taxi
235,2023-01-01 03:45:57,2023-01-01 04:05:20,256,129,1.0,5.52,27.5,1.0,0.5,6.0,0.0,,36.0,1.0,1.0,0.0,green_taxi
236,2023-01-01 03:48:48,2023-01-01 03:53:18,41,166,1.0,0.82,6.5,1.0,0.5,1.8,0.0,,10.8,1.0,1.0,0.0,green_taxi
237,2023-01-01 03:16:19,2023-01-01 03:21:53,129,70,1.0,0.69,7.2,1.0,0.5,0.0,0.0,,9.7,2.0,1.0,0.0,green_taxi
238,2023-01-01 03:15:28,2023-01-01 03:28:39,61,65,1.0,2.04,14.2,1.0,0.5,5.01,0.0,,21.71,1.0,1.0,0.0,green_taxi
239,2023-01-01 03:04:31,2023-01-01 03:07:59,112,255,1.0,0.73,5.8,1.0,0.5,1.66,0.0,,9.96,1.0,1.0,0.0,green_taxi
240,2023-01-01 03:13:30,2023-01-01 03:30:58,255,257,1.0,8.17,32.4,1.0,0.5,4.0,0.0,,38.9,1.0,1.0,0.0,green_taxi
241,2023-01-01 03:44:23,2023-01-01 03:52:13,25,61,1.0,1.97,11.4,1.0,0.5,4.17,0.0,,18.07,1.0,1.0,0.0,green_taxi
242,2023-01-01 03:19:58,2023-01-01 03:32:41,116,243,1.0,3.67,18.4,1.0,0.5,0.0,0.0,,20.9,2.0,1.0,0.0,green_taxi
243,2023-01-01 03:41:04,2023-01-01 03:54:56,82,138,1.0,0.0,12.1,6.0,0.5,3.92,0.0,,23.52,1.0,1.0,0.0,green_taxi
244,2023-01-01 03:22:41,2023-01-01 04:14:13,129,129,2.0,5.29,46.4,1.0,0.5,0.0,0.0,,48.9,2.0,1.0,0.0,green_taxi
245,2023-01-01 03:16:39,2023-01-01 03:16:42,264,264,1.0,0.0,10.0,0.0,0.0,0.0,0.0,,11.0,2.0,2.0,0.0,green_taxi
246,2023-01-01 03:09:23,2023-01-01 03:20:36,145,162,1.0,0.0,40.0,0.0,0.0,8.75,0.0,,52.5,1.0,2.0,2.75,green_taxi
247,2023-01-01 03:55:21,2023-01-01 03:55:32,179,179,1.0,0.0,70.0,0.0,0.5,0.0,0.0,,71.5,1.0,1.0,0.0,green_taxi
248,2023-01-01 03:33:20,2023-01-01 03:39:12,7,223,1.0,0.86,7.9,1.0,0.5,0.0,0.0,,10.4,2.0,1.0,0.0,green_taxi
249,2023-01-01 04:35:58,2023-01-01 04:40:44,181,181,1.0,1.52,8.6,1.0,0.5,2.22,0.0,,13.32,1.0,1.0,0.0,green_taxi
250,2023-01-01 04:50:07,2023-01-01 05:04:35,181,85,1.0,3.09,17.0,1.0,0.5,3.9,0.0,,23.4,1.0,1.0,0.0,green_taxi
251,2023-01-01 04:10:25,2023-01-01 04:22:32,256,52,1.0,5.1,22.6,1.0,1.5,5.0,0.0,,30.1,1.0,1.0,0.0,green_taxi
252,2023-01-01 04:42:07,2023-01-01 05:00:07,255,7,1.0,6.9,30.3,1.0,1.5,6.55,0.0,,39.35,1.0,1.0,0.0,green_taxi
253,2023-01-01 04:25:49,2023-01-01 04:33:50,181,97,1.0,1.31,9.3,1.0,0.5,3.54,0.0,,15.34,1.0,1.0,0.0,green_taxi
254,2023-01-01 04:21:35,2023-01-01 04:30:00,129,129,0.0,1.3,8.0,0.5,1.5,2.8,4.0,,16.8,1.0,1.0,0.0,green_taxi
255,2023-01-01 04:53:28,2023-01-01 05:44:10,42,119,1.0,6.41,47.8,1.0,0.5,0.0,0.0,,50.3,2.0,1.0,0.0,green_taxi
256,2023-01-01 04:44:12,2023-01-01 05:12:29,41,97,1.0,11.89,49.2,1.0,0.5,0.0,0.0,,54.45,1.0,1.0,2.75,green_taxi
257,2023-01-01 04:56:36,2023-01-01 05:18:17,147,241,3.0,5.95,27.5,1.0,0.5,0.0,0.0,,30.0,2.0,1.0,0.0,green_taxi
258,2023-01-01 04:37:26,2023-01-01 04:37:30,260,260,1.0,0.0,15.0,0.0,0.0,0.0,0.0,,15.3,1.0,2.0,0.0,green_taxi
259,2023-01-01 04:18:51,2023-01-01 04:35:46,228,148,1.0,7.39,60.0,0.0,0.0,5.0,0.0,,68.05,1.0,2.0,2.75,green_taxi
260,2023-01-01 04:57:31,2023-01-01 05:20:38,228,229,2.0,11.14,50.0,0.0,0.0,10.61,0.0,,63.66,1.0,2.0,2.75,green_taxi
261,2023-01-01 04:02:21,2023-01-01 04:28:43,129,112,1.0,5.16,30.3,1.0,0.5,0.0,0.0,,32.8,2.0,1.0,0.0,green_taxi
262,2023-01-01 04:03:36,2023-01-02 03:31:50,65,37,5.0,3.61,20.5,1.0,0.5,0.0,0.0,,23.0,2.0,1.0,0.0,green_taxi
263,2023-01-01 04:28:24,2023-01-01 05:00:55,36,50,1.0,8.98,41.5,1.0,0.5,5.5,0.0,,52.25,1.0,1.0,2.75,green_taxi
264,2023-01-01 04:03:13,2023-01-01 04:27:23,166,78,1.0,5.32,27.5,1.0,0.5,0.0,0.0,,30.0,2.0,1.0,0.0,green_taxi
265,2023-01-01 04:27:54,2023-01-01 04:44:35,256,228,1.0,8.46,33.8,1.0,0.5,2.0,0.0,,38.3,1.0,1.0,0.0,green_taxi
266,2023-01-01 04:17:12,2023-01-01 04:24:28,82,260,1.0,0.75,7.2,1.0,0.5,1.94,0.0,,11.64,1.0,1.0,0.0,green_taxi
267,2023-01-01 04:37:45,2023-01-01 04:42:43,256,112,1.0,1.26,7.2,1.0,0.5,0.0,0.0,,9.7,2.0,1.0,0.0,green_taxi
268,2023-01-01 03:50:22,2023-01-01 03:50:25,171,264,1.0,0.0,20.0,0.0,0.0,4.2,0.0,,25.2,1.0,2.0,0.0,green_taxi
269,2023-01-01 04:48:17,2023-01-01 04:48:19,138,264,1.0,0.0,20.0,0.0,0.0,0.0,0.0,,21.0,1.0,2.0,0.0,green_taxi
270,2023-01-01 04:17:32,2023-01-01 05:10:30,129,82,2.0,5.05,44.3,1.0,0.5,0.0,0.0,,46.8,2.0,1.0,0.0,green_taxi
271,2023-01-01 04:17:31,2023-01-01 04:36:17,80,211,2.0,5.73,60.0,0.0,0.0,6.0,0.0,,69.75,1.0,2.0,2.75,green_taxi
272,2023-01-01 04:51:22,2023-01-01 04:51:25,56,56,1.0,0.0,20.0,0.0,0.0,4.2,0.0,,25.2,1.0,2.0,0.0,green_taxi
273,2023-01-01 04:07:07,2023-01-01 04:31:21,226,173,1.0,3.92,24.7,1.0,0.5,0.0,0.0,,27.2,2.0,1.0,0.0,green_taxi
274,2023-01-01 04:10:23,2023-01-01 04:39:08,25,228,1.0,4.5,21.0,0.5,1.5,5.75,0.0,,28.75,1.0,1.0,0.0,green_taxi
275,2023-01-01 04:09:57,2023-01-01 04:15:37,69,42,1.0,0.83,7.2,1.0,0.5,0.0,0.0,,9.7,1.0,1.0,0.0,green_taxi
276,2023-01-01 04:34:02,2023-01-01 04:47:43,82,82,1.0,1.92,12.1,1.0,0.5,0.0,0.0,,14.6,2.0,1.0,0.0,green_taxi
277,2023-01-01 05:01:20,2023-01-01 05:23:49,80,181,1.0,6.99,31.7,1.0,0.5,10.26,0.0,,44.46,1.0,1.0,0.0,green_taxi
278,2023-01-01 05:21:07,2023-01-01 05:22:06,75,75,5.0,0.0,3.0,1.0,0.5,0.0,0.0,,5.5,2.0,1.0,0.0,green_taxi
279,2023-01-01 05:40:32,2023-01-01 05:45:02,75,238,5.0,1.15,7.2,1.0,0.5,2.49,0.0,,14.94,1.0,1.0,2.75,green_taxi
280,2023-01-01 05:10:55,2023-01-01 05:17:55,75,41,1.0,1.63,10.0,1.0,0.5,0.0,0.0,,12.5,2.0,1.0,0.0,green_taxi
281,2023-01-01 05:25:07,2023-01-01 05:53:25,129,230,1.0,6.09,31.7,1.0,0.5,0.0,0.0,,36.95,2.0,1.0,2.75,green_taxi
282,2023-01-01 05:13:15,2023-01-01 05:24:52,129,260,1.0,1.36,12.1,1.0,0.5,0.0,0.0,,14.6,2.0,1.0,0.0,green_taxi
283,2023-01-01 05:29:35,2023-01-01 05:29:37,264,264,1.0,0.0,12.0,0.0,0.0,2.6,0.0,,15.6,1.0,2.0,0.0,green_taxi
284,2023-01-01 05:00:07,2023-01-01 05:02:13,42,42,1.0,0.37,5.1,1.0,0.5,0.0,0.0,,7.6,2.0,1.0,0.0,green_taxi
285,2023-01-01 05:16:49,2023-01-01 05:29:10,130,218,1.0,2.88,14.9,1.0,0.5,0.0,0.0,,17.4,1.0,1.0,0.0,green_taxi
286,2023-01-01 05:44:20,2023-01-01 05:58:03,92,121,1.0,4.25,20.5,1.0,0.5,0.0,0.0,,23.0,2.0,1.0,0.0,green_taxi
287,2023-01-01 05:34:37,2023-01-01 05:46:47,80,145,5.0,4.58,19.8,1.0,0.5,4.46,0.0,,26.76,1.0,1.0,0.0,green_taxi
288,2023-01-01 05:51:55,2023-01-01 05:55:59,256,148,1.0,2.07,45.0,0.0,0.0,0.0,0.0,,48.75,1.0,2.0,2.75,green_taxi
289,2023-01-01 05:01:33,2023-01-01 05:19:40,129,37,3.0,5.2,24.7,1.0,0.5,5.44,0.0,,32.64,1.0,1.0,0.0,green_taxi
290,2023-01-01 05:51:25,2023-01-01 06:00:25,82,82,3.0,0.97,9.3,1.0,0.5,2.95,0.0,,14.75,1.0,1.0,0.0,green_taxi
291,2023-01-01 05:04:56,2023-01-01 05:24:21,244,138,1.0,11.0,43.6,6.0,0.5,9.9,6.55,,67.55,1.0,1.0,0.0,green_taxi
292,2023-01-01 06:51:04,2023-01-01 06:54:23,41,151,1.0,0.58,5.8,0.0,0.5,1.46,0.0,,8.76,1.0,1.0,0.0,green_taxi
293,2023-01-01 07:02:38,2023-01-01 07:08:21,42,42,1.0,1.15,7.9,0.0,0.5,0.0,0.0,,9.4,2.0,1.0,0.0,green_taxi
294,2023-01-01 06:46:08,2023-01-01 06:55:03,263,244,1.0,5.4,22.6,0.0,0.5,3.0,0.0,,27.1,1.0,1.0,0.0,green_taxi
295,2023-01-01 06:56:40,2023-01-01 06:58:33,244,244,1.0,0.56,5.1,0.0,0.5,0.0,0.0,,6.6,2.0,1.0,0.0,green_taxi
296,2023-01-01 06:04:55,2023-01-01 06:04:56,7,264,1.0,0.0,12.0,0.0,0.0,3.9,0.0,,16.9,1.0,2.0,0.0,green_taxi
297,2023-01-01 06:36:05,2023-01-01 06:58:19,196,186,2.0,7.63,33.8,0.0,0.5,54.0,6.55,,98.6,1.0,1.0,2.75,green_taxi
298,2022-12-09 14:10:49,2022-12-09 14:22:26,7,56,1.0,5.37,16.0,0.0,0.5,0.0,0.0,,16.8,2.0,1.0,0.0,green_taxi
299,2023-01-01 06:50:44,2023-01-01 07:01:00,82,173,1.0,2.1,12.1,0.0,1.5,2.7,0.0,,16.3,1.0,1.0,0.0,green_taxi
300,2023-01-01 06:46:18,2023-01-01 06:51:17,83,157,1.0,1.1,6.0,0.0,0.5,0.0,0.0,,6.8,2.0,1.0,0.0,green_taxi
301,2023-01-01 06:18:50,2023-01-01 06:30:52,116,163,1.0,5.61,24.0,0.0,0.5,5.65,0.0,,33.9,1.0,1.0,2.75,green_taxi
302,2023-01-01 07:57:43,2023-01-01 08:03:09,75,263,1.0,1.35,8.6,0.0,0.5,0.0,0.0,,12.85,2.0,1.0,2.75,green_taxi
303,2023-01-01 07:38:05,2023-01-01 07:45:46,152,244,1.0,2.1,9.0,0.0,1.5,1.0,0.0,,11.5,1.0,1.0,0.0,green_taxi
304,2023-01-01 07:24:16,2023-01-01 07:32:40,75,166,5.0,2.13,12.1,0.0,0.5,3.4,0.0,,17.0,1.0,1.0,0.0,green_taxi
305,2023-01-01 07:46:35,2023-01-01 07:56:08,260,138,1.0,4.0,18.4,5.0,0.5,4.98,0.0,,29.88,1.0,1.0,0.0,green_taxi
306,2023-01-01 07:37:45,2023-01-01 07:47:43,74,138,1.0,6.47,26.1,5.0,0.5,7.83,6.55,,46.98,1.0,1.0,0.0,green_taxi
307,2023-01-01 07:22:22,2023-01-01 07:44:27,7,132,1.0,14.24,54.8,0.0,0.5,5.0,0.0,,61.3,1.0,1.0,0.0,green_taxi
308,2023-01-01 07:33:16,2023-01-01 07:40:22,43,141,1.0,2.02,11.4,0.0,0.5,3.13,0.0,,18.78,1.0,1.0,2.75,green_taxi
309,2023-01-01 07:05:31,2023-01-01 07:25:13,82,192,1.0,4.8,24.7,0.0,0.5,10.08,0.0,,36.28,1.0,1.0,0.0,green_taxi
310,2023-01-01 07:49:20,2023-01-01 07:57:47,129,223,1.0,2.26,12.8,0.0,0.5,0.0,0.0,,14.3,2.0,1.0,0.0,green_taxi
311,2023-01-01 07:38:12,2023-01-01 07:43:04,92,92,2.0,0.67,6.5,0.0,0.5,0.0,0.0,,8.0,2.0,1.0,0.0,green_taxi
312,2023-01-01 07:56:06,2023-01-01 08:22:01,37,241,1.0,15.52,58.3,0.0,0.5,0.0,6.55,,66.35,2.0,1.0,0.0,green_taxi
313,2023-01-01 07:57:54,2023-01-01 08:15:47,82,236,1.0,7.77,33.8,0.0,0.5,7.06,0.0,,42.36,1.0,1.0,0.0,green_taxi
314,2023-01-01 07:25:41,2023-01-01 07:39:25,65,138,2.0,10.36,50.0,5.0,0.0,10.0,0.0,,66.0,1.0,2.0,0.0,green_taxi
315,2023-01-01 07:47:02,2023-01-01 08:18:40,92,146,2.0,7.68,38.0,0.0,0.5,0.0,0.0,,38.8,2.0,1.0,0.0,green_taxi
316,2023-01-01 07:06:58,2023-01-01 07:23:19,74,142,1.0,0.0,10.5,0.0,0.5,2.81,0.0,,16.86,1.0,1.0,2.75,green_taxi
317,2023-01-01 07:46:25,2023-01-01 07:50:15,74,74,1.0,1.2,7.2,0.0,1.5,1.0,0.0,,9.7,1.0,1.0,0.0,green_taxi
318,2022-12-09 14:55:42,2022-12-09 15:33:06,260,164,1.0,5.48,25.5,0.0,0.5,0.0,6.55,,35.6,2.0,1.0,2.75,green_taxi
319,2023-01-01 07:38:12,2023-01-01 07:46:16,82,95,1.0,1.95,8.5,0.0,0.5,1.0,0.0,,10.3,1.0,1.0,0.0,green_taxi
320,2023-01-01 07:52:09,2023-01-01 07:56:18,41,166,1.0,0.69,6.5,0.0,0.5,7.0,0.0,,15.0,1.0,1.0,0.0,green_taxi
321,2023-01-01 07:22:01,2023-01-01 07:32:33,130,132,1.0,5.19,20.0,0.0,0.0,0.0,0.0,,21.0,1.0,2.0,0.0,green_taxi
322,2023-01-01 08:47:30,2023-01-01 08:56:31,41,74,1.0,1.78,11.4,0.0,0.5,2.0,0.0,,14.9,1.0,1.0,0.0,green_taxi
323,2023-01-01 08:15:05,2023-01-01 08:37:08,236,184,1.0,12.43,47.8,0.0,0.5,7.0,0.0,,56.3,1.0,1.0,0.0,green_taxi
324,2023-01-01 08:20:36,2023-01-01 08:23:40,41,41,1.0,0.62,5.8,0.0,0.5,1.46,0.0,,8.76,1.0,1.0,0.0,green_taxi
325,2023-01-01 08:03:22,2023-01-01 08:12:09,74,151,1.0,2.0,10.7,0.0,1.5,2.4,0.0,,14.6,1.0,1.0,0.0,green_taxi
326,2023-01-01 08:38:00,2023-01-01 08:49:01,74,237,1.0,2.8,14.2,2.75,1.5,1.0,0.0,,19.45,1.0,1.0,2.75,green_taxi
327,2023-01-01 09:03:23,2023-01-01 09:13:14,166,142,1.0,2.95,14.9,0.0,0.5,3.83,0.0,,22.98,1.0,1.0,2.75,green_taxi
328,2023-01-01 08:10:55,2023-01-01 08:16:16,43,236,5.0,0.85,7.9,0.0,0.5,2.43,0.0,,14.58,1.0,1.0,2.75,green_taxi
329,2023-01-01 08:35:58,2023-01-01 08:41:47,75,75,5.0,0.54,7.2,0.0,0.5,0.0,0.0,,8.7,2.0,1.0,0.0,green_taxi
330,2023-01-01 08:54:25,2023-01-01 08:58:42,41,24,1.0,0.59,6.5,0.0,0.5,0.0,0.0,,8.0,2.0,1.0,0.0,green_taxi
331,2023-01-01 08:24:05,2023-01-01 08:31:50,7,179,1.0,1.09,9.3,0.0,0.5,2.16,0.0,,12.96,1.0,1.0,0.0,green_taxi
332,2023-01-01 08:15:18,2023-01-01 08:37:43,129,95,1.0,3.67,23.3,0.0,0.5,0.0,0.0,,24.8,2.0,1.0,0.0,green_taxi
333,2023-01-01 08:14:02,2023-01-01 08:28:29,41,243,1.0,4.79,21.9,0.0,0.5,2.0,0.0,,25.4,1.0,1.0,0.0,green_taxi
334,2023-01-01 08:54:38,2023-01-01 08:58:21,166,166,1.0,0.76,6.5,0.0,0.5,1.5,0.0,,9.5,1.0,1.0,0.0,green_taxi
335,2023-01-01 08:34:05,2023-01-01 08:45:14,130,138,1.0,7.1,28.2,5.0,0.5,0.0,0.0,,34.7,2.0,1.0,0.0,green_taxi
336,2023-01-01 08:38:39,2023-01-01 08:43:56,75,140,1.0,2.2,10.7,0.0,0.5,0.0,0.0,,14.95,2.0,1.0,2.75,green_taxi
337,2023-01-01 08:52:53,2023-01-01 09:00:01,74,229,1.0,3.12,13.5,0.0,0.5,1.0,0.0,,18.75,1.0,1.0,2.75,green_taxi
338,2023-01-01 08:30:08,2023-01-01 08:59:43,226,179,1.0,3.66,27.5,0.0,0.5,0.0,0.0,,29.0,2.0,1.0,0.0,green_taxi
339,2023-01-01 08:04:03,2023-01-01 08:18:32,7,161,1.0,4.0,19.1,2.75,1.5,0.0,0.0,,23.35,2.0,1.0,2.75,green_taxi
340,2023-01-01 08:44:50,2023-01-01 09:03:27,7,113,1.0,9.4,37.3,2.75,1.5,5.0,0.0,,46.55,1.0,1.0,2.75,green_taxi
341,2023-01-01 08:56:08,2023-01-01 09:03:44,75,74,1.0,1.13,7.0,0.0,0.5,0.0,0.0,,7.8,2.0,1.0,0.0,green_taxi
342,2023-01-01 08:48:40,2023-01-01 08:48:49,223,223,2.0,0.02,28.65,0.0,0.0,7.41,0.0,,37.06,1.0,2.0,0.0,green_taxi
343,2023-01-01 08:23:48,2023-01-01 08:39:43,74,230,1.0,4.4,19.8,2.75,1.5,4.8,0.0,,28.85,1.0,1.0,2.75,green_taxi
344,2023-01-01 08:58:46,2023-01-01 09:02:26,41,42,1.0,0.87,6.5,0.0,0.5,0.01,0.0,,8.01,1.0,1.0,0.0,green_taxi
345,2023-01-01 08:10:36,2023-01-01 08:16:46,130,10,1.0,1.7,9.3,0.0,0.5,2.16,0.0,,12.96,1.0,1.0,0.0,green_taxi
346,2023-01-01 09:04:00,2023-01-01 09:09:59,75,151,1.0,1.27,8.6,0.0,0.5,0.0,0.0,,10.1,1.0,1.0,0.0,green_taxi
347,2023-01-01 09:52:13,2023-01-01 09:58:41,41,116,1.0,1.69,10.0,0.0,0.5,0.0,0.0,,11.5,2.0,1.0,0.0,green_taxi
348,2023-01-01 09:16:18,2023-01-01 09:26:20,43,140,1.0,2.89,15.6,0.0,0.5,3.97,0.0,,23.82,1.0,1.0,2.75,green_taxi
349,2023-01-01 09:48:14,2023-01-01 09:51:26,43,237,1.0,1.31,7.2,0.0,0.5,2.29,0.0,,13.74,1.0,1.0,2.75,green_taxi
350,2023-01-01 09:37:48,2023-01-01 09:40:23,75,74,1.0,1.13,6.5,0.0,0.5,0.0,0.0,,8.0,2.0,1.0,0.0,green_taxi
351,2023-01-01 09:41:22,2023-01-01 09:49:35,74,140,1.0,4.02,17.7,0.0,0.5,0.0,0.0,,21.95,2.0,1.0,2.75,green_taxi
352,2023-01-01 09:51:31,2023-01-01 09:56:04,152,116,1.0,1.08,7.9,0.0,0.5,0.0,0.0,,9.4,2.0,1.0,0.0,green_taxi
353,2023-01-01 09:35:12,2023-01-01 09:47:56,213,167,1.0,0.0,20.5,0.0,1.5,0.0,0.0,,22.0,1.0,1.0,0.0,green_taxi
354,2023-01-01 09:16:38,2023-01-01 09:21:26,42,41,1.0,1.0,7.2,0.0,0.5,0.0,0.0,,8.7,2.0,1.0,0.0,green_taxi
355,2023-01-01 09:02:00,2023-01-01 09:03:56,75,74,1.0,0.9,5.8,0.0,0.5,1.82,0.0,,9.12,1.0,1.0,0.0,green_taxi
356,2023-01-01 09:46:28,2023-01-01 09:53:38,41,151,1.0,1.6,10.0,0.0,0.5,1.0,0.0,,12.5,1.0,1.0,0.0,green_taxi
357,2023-01-01 09:28:50,2023-01-01 09:42:14,74,142,1.0,3.5,17.0,2.75,1.5,0.0,0.0,,21.25,2.0,1.0,2.75,green_taxi
358,2023-01-01 09:38:32,2023-01-01 09:43:57,41,42,1.0,1.22,8.6,0.0,0.5,1.0,0.0,,11.1,1.0,1.0,0.0,green_taxi
359,2023-01-01 10:00:26,2023-01-01 10:03:14,41,24,1.0,0.55,5.1,0.0,0.5,1.32,0.0,,7.92,1.0,1.0,0.0,green_taxi
360,2023-01-01 09:50:23,2023-01-01 09:54:53,166,238,5.0,0.95,7.2,0.0,0.5,2.29,0.0,,13.74,1.0,1.0,2.75,green_taxi
361,2023-01-01 09:40:30,2023-01-01 10:01:41,92,95,1.0,4.31,24.7,0.0,0.5,0.0,0.0,,26.2,2.0,1.0,0.0,green_taxi
362,2023-01-01 09:27:56,2023-01-01 09:37:08,75,237,1.0,2.73,14.2,0.0,0.5,3.69,0.0,,22.14,1.0,1.0,2.75,green_taxi
363,2023-01-01 09:44:55,2023-01-01 09:52:13,75,41,1.0,1.56,10.0,0.0,0.5,0.0,0.0,,11.5,2.0,1.0,0.0,green_taxi
364,2023-01-01 09:35:30,2023-01-01 09:46:07,66,226,1.0,5.88,25.4,0.0,0.5,0.0,0.0,,26.9,2.0,1.0,0.0,green_taxi
365,2023-01-01 09:59:31,2023-01-01 10:06:34,41,43,1.0,2.35,11.4,0.0,0.5,3.13,0.0,,18.78,1.0,1.0,2.75,green_taxi
366,2023-01-01 09:32:15,2023-01-01 09:38:45,75,142,1.0,2.07,11.4,0.0,0.5,0.0,0.0,,15.65,2.0,1.0,2.75,green_taxi
367,2023-01-01 09:06:58,2023-01-01 09:16:43,92,129,1.0,4.3,19.1,0.0,0.5,0.0,0.0,,20.6,2.0,1.0,0.0,green_taxi
368,2023-01-01 09:09:14,2023-01-01 09:12:50,28,28,1.0,0.87,6.5,0.0,0.5,0.0,0.0,,8.0,2.0,1.0,0.0,green_taxi
369,2023-01-01 09:46:24,2023-01-01 09:55:51,152,41,1.0,1.65,10.7,0.0,0.5,0.0,0.0,,12.2,2.0,1.0,0.0,green_taxi
370,2023-01-01 09:34:40,2023-01-01 09:49:00,17,177,1.0,2.58,14.9,0.0,0.5,0.0,0.0,,16.4,2.0,1.0,0.0,green_taxi
371,2023-01-01 09:59:24,2023-01-01 10:09:00,117,86,1.0,2.84,14.2,0.0,0.5,0.0,0.0,,15.7,2.0,1.0,0.0,green_taxi
372,2023-01-01 09:25:34,2023-01-01 09:34:12,7,260,1.0,2.04,11.4,0.0,0.5,0.0,0.0,,12.9,2.0,1.0,0.0,green_taxi
373,2023-01-01 09:02:35,2023-01-01 09:46:42,95,236,1.0,9.49,49.9,0.0,0.5,6.0,0.0,,60.15,1.0,1.0,2.75,green_taxi
374,2023-01-01 09:14:47,2023-01-01 09:36:22,14,17,1.0,0.0,32.5,0.0,1.5,0.0,0.0,,34.0,1.0,1.0,0.0,green_taxi
375,2023-01-01 09:01:41,2023-01-01 09:06:34,74,75,1.0,1.5,8.6,0.0,1.5,2.5,0.0,,12.6,1.0,1.0,0.0,green_taxi
376,2023-01-01 09:07:52,2023-01-01 09:15:49,75,239,1.0,2.0,10.7,2.75,1.5,0.0,0.0,,14.95,2.0,1.0,2.75,green_taxi
377,2023-01-01 09:41:28,2023-01-01 09:46:27,74,75,1.0,1.5,8.6,0.0,1.5,0.0,0.0,,10.1,2.0,1.0,0.0,green_taxi
378,2023-01-01 09:22:08,2023-01-01 09:25:22,188,89,1.0,0.57,5.1,0.0,0.5,1.32,0.0,,7.92,1.0,1.0,0.0,green_taxi
379,2023-01-01 09:36:20,2023-01-01 09:50:36,260,173,1.0,2.5,16.3,0.0,0.5,0.0,0.0,,17.8,2.0,1.0,0.0,green_taxi
380,2023-01-01 09:55:26,2023-01-01 10:04:28,74,166,1.0,1.88,12.1,0.0,0.5,0.0,0.0,,13.6,2.0,1.0,0.0,green_taxi
381,2023-01-01 09:07:04,2023-01-01 09:12:41,74,42,1.0,1.16,7.9,0.0,0.5,1.88,0.0,,11.28,1.0,1.0,0.0,green_taxi
382,2023-01-01 09:10:17,2023-01-01 09:24:30,130,205,1.0,3.85,17.7,0.0,0.5,0.0,0.0,,19.2,2.0,1.0,0.0,green_taxi
383,2023-01-01 09:36:59,2023-01-01 09:45:30,260,138,1.0,4.14,18.4,5.0,0.5,4.98,0.0,,29.88,1.0,1.0,0.0,green_taxi
384,2023-01-01 10:09:25,2023-01-01 10:35:59,171,92,2.0,4.1,26.1,0.0,0.5,0.0,0.0,,27.6,2.0,1.0,0.0,green_taxi
385,2023-01-01 10:17:00,2023-01-01 10:21:31,74,42,1.0,0.73,6.5,0.0,0.5,0.0,0.0,,8.0,2.0,1.0,0.0,green_taxi
386,2023-01-01 10:39:35,2023-01-01 10:51:47,74,166,1.0,1.99,13.5,0.0,0.5,0.0,0.0,,15.0,1.0,1.0,0.0,green_taxi
387,2023-01-01 10:54:14,2023-01-01 11:13:52,166,68,1.0,6.67,31.0,0.0,0.5,7.05,0.0,,42.3,1.0,1.0,2.75,green_taxi
388,2023-01-01 10:11:27,2023-01-01 10:20:25,166,239,1.0,2.22,9.0,0.0,0.5,3.14,0.0,,15.69,1.0,1.0,2.75,green_taxi
389,2023-01-01 10:36:22,2023-01-01 10:42:56,74,42,1.0,1.04,7.9,0.0,0.5,0.0,0.0,,9.4,2.0,1.0,0.0,green_taxi
390,2023-01-01 10:55:18,2023-01-01 10:58:40,177,61,1.0,0.58,5.8,0.0,0.5,0.0,0.0,,7.3,2.0,1.0,0.0,green_taxi
391,2023-01-01 10:17:11,2023-01-01 10:29:44,74,151,1.0,2.4,12.8,0.0,1.5,0.0,0.0,,14.3,2.0,1.0,0.0,green_taxi
392,2023-01-01 10:28:24,2023-01-01 10:37:51,42,168,1.0,1.88,12.1,0.0,0.5,0.0,0.0,,13.6,2.0,1.0,0.0,green_taxi
393,2023-01-01 10:48:44,2023-01-01 10:55:22,41,236,1.0,1.71,10.0,0.0,0.5,1.5,0.0,,15.75,1.0,1.0,2.75,green_taxi
394,2023-01-01 10:19:28,2023-01-01 10:25:42,166,152,5.0,1.48,9.3,0.0,0.5,2.16,0.0,,12.96,1.0,1.0,0.0,green_taxi
395,2023-01-01 10:54:54,2023-01-01 11:02:29,166,239,5.0,1.75,11.4,0.0,0.5,3.13,0.0,,18.78,1.0,1.0,2.75,green_taxi
396,2023-01-01 10:39:48,2023-01-01 10:58:24,92,260,1.0,6.49,30.3,0.0,0.5,0.0,0.0,,31.8,2.0,1.0,0.0,green_taxi
397,2023-01-01 10:41:13,2023-01-01 10:59:50,74,92,6.0,10.0,40.1,0.0,0.5,0.0,6.55,,48.15,2.0,1.0,0.0,green_taxi
398,2023-01-01 10:28:22,2023-01-01 10:33:29,41,42,1.0,1.12,7.9,0.0,0.5,0.0,0.0,,9.4,1.0,1.0,0.0,green_taxi
399,2023-01-01 10:07:56,2023-01-01 10:17:37,74,238,1.0,2.41,10.0,0.0,0.5,1.25,0.0,,14.8,1.0,1.0,2.75,green_taxi
400,2023-01-01 10:37:15,2023-01-01 10:42:46,74,236,1.0,1.81,7.5,0.0,0.5,2.21,0.0,,13.26,1.0,1.0,2.75,green_taxi
401,2023-01-01 10:58:28,2023-01-01 11:01:14,41,151,1.0,0.72,5.8,0.0,0.5,0.0,0.0,,7.3,2.0,1.0,0.0,green_taxi
402,2023-01-01 10:15:56,2023-01-01 10:23:04,41,74,1.0,1.48,10.0,0.0,0.5,2.0,0.0,,13.5,1.0,1.0,0.0,green_taxi
403,2023-01-01 10:20:06,2023-01-01 10:33:47,95,121,1.0,2.44,16.3,0.0,0.5,3.56,0.0,,21.36,1.0,1.0,0.0,green_taxi
404,2023-01-01 10:34:12,2023-01-01 10:52:12,7,79,1.0,6.99,29.6,0.0,0.5,5.0,0.0,,38.85,1.0,1.0,2.75,green_taxi
405,2023-01-01 10:10:27,2023-01-01 10:20:49,43,74,1.0,1.68,12.1,0.0,0.5,0.0,0.0,,13.6,1.0,1.0,0.0,green_taxi
406,2023-01-01 10:32:18,2023-01-01 10:36:24,75,74,1.0,1.43,7.9,0.0,0.5,1.88,0.0,,11.28,1.0,1.0,0.0,green_taxi
407,2023-01-01 10:27:00,2023-01-01 10:48:38,116,241,1.0,0.0,13.0,0.0,0.5,0.0,0.0,,13.8,2.0,1.0,0.0,green_taxi
408,2023-01-01 10:53:05,2023-01-01 11:04:51,82,160,3.0,2.66,14.9,0.0,0.5,0.0,0.0,,16.4,2.0,1.0,0.0,green_taxi
409,2023-01-01 10:50:28,2023-01-01 11:13:33,7,88,1.0,9.31,39.4,0.0,0.5,8.73,0.0,,52.38,1.0,1.0,2.75,green_taxi
410,2023-01-01 10:53:41,2023-01-01 10:59:35,65,97,1.0,0.79,7.2,0.0,0.5,0.0,0.0,,8.7,1.0,1.0,0.0,green_taxi
411,2023-01-01 10:36:41,2023-01-01 10:50:04,74,69,1.0,3.1,15.6,0.0,1.5,0.0,0.0,,17.1,2.0,1.0,0.0,green_taxi
412,2023-01-01 10:07:51,2023-01-01 10:26:09,260,16,1.0,11.18,42.9,0.0,0.5,0.0,0.0,,44.4,1.0,1.0,0.0,green_taxi
413,2023-01-01 10:51:55,2023-01-01 11:03:28,74,229,1.0,4.64,20.5,0.0,0.5,4.95,0.0,,29.7,1.0,1.0,2.75,green_taxi
414,2023-01-01 10:26:36,2023-01-01 10:46:05,65,7,1.0,8.76,37.3,0.0,0.5,7.76,0.0,,46.56,1.0,1.0,0.0,green_taxi
415,2023-01-01 10:49:58,2023-01-01 11:07:00,33,225,1.0,4.35,21.2,0.0,0.5,2.0,0.0,,24.0,1.0,1.0,0.0,green_taxi
416,2023-01-01 10:39:54,2023-01-01 10:45:44,75,43,6.0,1.1,8.6,0.0,0.5,1.0,0.0,,11.1,1.0,1.0,0.0,green_taxi
417,2023-01-01 10:59:06,2023-01-01 11:07:52,75,140,6.0,2.64,12.8,0.0,0.5,3.41,0.0,,20.46,1.0,1.0,2.75,green_taxi
418,2023-01-01 10:31:36,2023-01-01 10:39:29,74,41,1.0,1.42,10.0,0.0,0.5,0.0,0.0,,11.5,2.0,1.0,0.0,green_taxi
419,2023-01-01 10:10:35,2023-01-01 10:19:55,130,132,1.0,4.24,18.4,0.0,0.5,0.0,0.0,,19.9,1.0,1.0,0.0,green_taxi
420,2023-01-01 10:51:32,2023-01-01 11:04:07,130,218,1.0,2.66,15.0,0.0,0.0,0.0,0.0,,16.0,1.0,2.0,0.0,green_taxi
421,2023-01-01 11:15:21,2023-01-01 11:24:04,75,142,1.0,2.13,12.1,0.0,0.5,4.9,0.0,,21.25,1.0,1.0,2.75,green_taxi
422,2023-01-01 11:18:13,2023-01-01 11:22:21,75,236,1.0,1.19,7.2,0.0,0.5,0.0,0.0,,11.45,2.0,1.0,2.75,green_taxi
423,2023-01-01 11:48:50,2023-01-01 11:56:34,41,75,1.0,1.69,10.7,0.0,0.5,0.0,0.0,,12.2,2.0,1.0,0.0,green_taxi
424,2023-01-01 11:56:35,2023-01-01 12:00:26,129,82,1.0,0.63,5.8,0.0,0.5,2.0,0.0,,9.3,1.0,1.0,0.0,green_taxi
425,2023-01-01 11:37:30,2023-01-01 12:24:00,29,210,3.0,0.0,35.2,0.0,1.5,0.0,0.0,,36.7,2.0,1.0,0.0,green_taxi
426,2023-01-01 11:07:36,2023-01-01 11:14:46,74,75,1.0,1.36,10.0,0.0,0.5,2.3,0.0,,13.8,1.0,1.0,0.0,green_taxi
427,2023-01-01 11:24:45,2023-01-01 11:27:06,41,41,1.0,0.63,4.0,0.0,0.5,0.0,0.0,,4.8,2.0,1.0,0.0,green_taxi
428,2023-01-01 11:28:29,2023-01-01 11:38:05,41,42,1.0,1.82,9.0,0.0,0.5,0.0,0.0,,9.8,2.0,1.0,0.0,green_taxi
429,2023-01-01 11:40:55,2023-01-01 11:49:26,42,151,1.0,1.49,8.0,0.0,0.5,0.0,0.0,,8.8,2.0,1.0,0.0,green_taxi
430,2023-01-01 10:59:46,2023-01-01 11:10:08,74,244,1.0,3.24,16.3,0.0,0.5,0.0,0.0,,17.8,2.0,1.0,0.0,green_taxi
431,2023-01-01 11:33:27,2023-01-01 11:43:08,41,238,1.0,1.71,11.4,0.0,0.5,0.0,0.0,,15.65,1.0,1.0,2.75,green_taxi
432,2023-01-01 11:34:27,2023-01-01 11:49:43,74,141,1.0,3.1,16.3,2.75,1.5,4.1,0.0,,24.65,1.0,1.0,2.75,green_taxi
433,2023-01-01 11:13:46,2023-01-01 11:31:19,41,137,1.0,6.96,29.6,0.0,0.5,6.77,0.0,,40.62,1.0,1.0,2.75,green_taxi
434,2023-01-01 11:26:21,2023-01-01 11:39:12,24,263,5.0,2.67,16.3,0.0,0.5,2.5,0.0,,23.05,1.0,1.0,2.75,green_taxi
435,2023-01-01 11:56:25,2023-01-01 12:06:22,74,262,3.0,2.81,14.9,0.0,0.5,3.83,0.0,,22.98,1.0,1.0,2.75,green_taxi
436,2023-01-01 11:53:23,2023-01-01 11:57:27,244,116,2.0,0.78,6.5,0.0,0.5,2.0,0.0,,10.0,1.0,1.0,0.0,green_taxi
437,2023-01-01 11:38:43,2023-01-01 11:43:54,173,57,6.0,1.2,7.2,0.0,0.5,2.61,0.0,,11.31,1.0,1.0,0.0,green_taxi
438,2023-01-01 11:18:06,2023-01-01 11:21:14,116,116,1.0,0.62,5.1,0.0,0.5,1.98,0.0,,8.58,1.0,1.0,0.0,green_taxi
439,2023-01-01 11:33:43,2023-01-01 11:44:25,74,237,1.0,2.79,14.9,0.0,0.5,5.74,0.0,,24.89,1.0,1.0,2.75,green_taxi
440,2023-01-01 11:27:15,2023-01-01 11:34:59,74,42,1.0,1.7,8.0,0.0,0.5,1.76,0.0,,10.56,1.0,1.0,0.0,green_taxi
441,2023-01-01 11:10:40,2023-01-01 11:14:39,43,43,1.0,1.96,9.3,0.0,0.5,1.2,0.0,,14.75,1.0,1.0,2.75,green_taxi
442,2023-01-01 11:40:17,2023-01-01 11:54:00,74,144,1.0,7.33,29.6,0.0,0.5,0.0,0.0,,33.85,1.0,1.0,2.75,green_taxi
443,2023-01-01 11:57:14,2023-01-01 12:06:18,74,116,1.0,2.11,12.1,0.0,0.5,3.4,0.0,,17.0,1.0,1.0,0.0,green_taxi
444,2023-01-01 11:36:31,2023-01-01 11:49:45,134,196,1.0,2.9,16.3,0.0,0.5,0.0,0.0,,17.8,2.0,1.0,0.0,green_taxi
445,2023-01-01 11:12:17,2023-01-01 11:35:38,42,161,1.0,7.55,33.8,0.0,0.5,0.02,0.0,,38.07,1.0,1.0,2.75,green_taxi
446,2023-01-01 11:42:13,2023-01-01 11:49:21,260,260,0.0,1.2,8.6,0.0,1.5,2.0,0.0,,12.1,1.0,1.0,0.0,green_taxi
447,2023-01-01 11:22:34,2023-01-01 11:25:34,75,75,1.0,0.45,5.1,0.0,0.5,0.0,0.0,,6.6,2.0,1.0,0.0,green_taxi
448,2023-01-01 11:36:19,2023-01-01 11:55:09,75,170,1.0,3.9,21.9,0.0,0.5,5.0,0.0,,31.15,1.0,1.0,2.75,green_taxi
449,2023-01-01 11:32:55,2023-01-01 11:54:37,7,48,1.0,4.9,24.0,2.75,1.5,0.0,0.0,,28.25,2.0,1.0,2.75,green_taxi
450,2023-01-01 11:35:56,2023-01-01 11:40:30,74,75,1.0,1.1,7.2,0.0,1.5,0.0,0.0,,8.7,2.0,1.0,0.0,green_taxi
451,2023-01-01 11:51:48,2023-01-01 11:56:19,74,42,1.0,0.7,5.8,0.0,1.5,1.8,0.0,,9.1,1.0,1.0,0.0,green_taxi
452,2023-01-01 11:48:36,2023-01-01 11:53:59,7,193,1.0,1.13,7.9,0.0,0.5,0.0,0.0,,9.4,2.0,1.0,0.0,green_taxi
453,2023-01-01 11:51:42,2023-01-01 12:01:18,74,43,1.0,2.11,12.1,0.0,0.5,2.72,0.0,,16.32,1.0,1.0,0.0,green_taxi
454,2023-01-01 11:34:26,2023-01-01 11:49:44,7,262,1.0,4.35,20.5,0.0,0.5,4.95,0.0,,29.7,1.0,1.0,2.75,green_taxi
455,2023-01-01 11:47:17,2023-01-01 11:49:43,166,166,1.0,0.43,5.1,0.0,0.5,0.0,0.0,,6.6,2.0,1.0,0.0,green_taxi
456,2023-01-01 11:40:14,2023-01-01 11:40:34,65,65,1.0,0.0,70.0,0.0,0.5,0.0,0.0,,71.5,2.0,1.0,0.0,green_taxi
457,2023-01-01 11:41:18,2023-01-01 12:22:07,65,265,1.0,12.37,74.8,0.0,0.0,17.91,13.75,,107.46,1.0,1.0,0.0,green_taxi
458,2023-01-01 11:25:35,2023-01-01 11:36:00,41,237,1.0,3.21,15.6,0.0,0.5,3.97,0.0,,23.82,1.0,1.0,2.75,green_taxi
459,2023-01-01 11:51:18,2023-01-01 11:59:40,75,41,1.0,1.24,10.0,0.0,0.5,2.3,0.0,,13.8,1.0,1.0,0.0,green_taxi
460,2023-01-01 11:22:06,2023-01-01 11:36:04,92,129,1.0,3.4,17.7,0.0,1.5,3.8,0.0,,23.0,1.0,1.0,0.0,green_taxi
461,2023-01-01 11:24:35,2023-01-01 11:28:51,33,52,1.0,1.03,6.5,0.0,0.5,1.6,0.0,,9.6,1.0,1.0,0.0,green_taxi
462,2023-01-01 11:42:27,2023-01-01 11:50:39,97,66,1.0,1.14,10.0,0.0,0.5,0.0,0.0,,11.5,2.0,1.0,0.0,green_taxi
463,2023-01-01 11:04:28,2023-01-01 11:10:05,74,74,1.0,1.27,8.6,0.0,0.5,0.0,0.0,,10.1,2.0,1.0,0.0,green_taxi
464,2023-01-01 11:04:48,2023-01-01 11:21:02,97,137,1.0,4.31,21.9,0.0,0.5,5.23,0.0,,31.38,1.0,1.0,2.75,green_taxi
465,2023-01-01 11:54:54,2023-01-01 12:06:08,97,80,1.0,3.59,17.7,0.0,0.5,0.0,0.0,,19.2,2.0,1.0,0.0,green_taxi
466,2023-01-01 11:54:27,2023-01-01 12:02:20,42,152,1.0,1.4,10.0,0.0,0.5,0.0,0.0,,11.5,2.0,1.0,0.0,green_taxi
467,2023-01-01 10:59:56,2023-01-01 11:08:07,95,196,1.0,1.56,10.7,0.0,0.5,0.0,0.0,,12.2,2.0,1.0,0.0,green_taxi
468,2023-01-01 11:41:32,2023-01-01 11:55:02,95,132,1.0,7.38,29.6,0.0,0.5,0.0,0.0,,31.1,2.0,1.0,0.0,green_taxi
469,2023-01-01 11:40:34,2023-01-01 11:47:39,74,238,1.0,2.46,12.1,0.0,0.5,0.0,0.0,,13.6,2.0,1.0,0.0,green_taxi
470,2023-01-01 11:55:10,2023-01-01 12:12:28,75,244,1.0,5.3,24.7,0.0,0.5,2.0,0.0,,28.2,1.0,1.0,0.0,green_taxi
471,2023-01-01 11:09:23,2023-01-01 11:24:46,61,71,1.0,3.2,13.0,0.0,1.5,0.0,0.0,,14.5,2.0,1.0,0.0,green_taxi
472,2023-01-01 11:43:04,2023-01-01 11:53:57,74,116,1.0,2.32,13.5,0.0,0.5,0.0,0.0,,15.0,2.0,1.0,0.0,green_taxi
473,2023-01-01 11:02:38,2023-01-01 11:09:33,129,82,1.0,1.2,7.9,0.0,1.5,0.0,0.0,,9.4,2.0,1.0,0.0,green_taxi
474,2023-01-01 11:52:41,2023-01-01 12:04:04,97,54,1.0,1.96,13.5,0.0,0.5,3.0,0.0,,18.0,1.0,1.0,0.0,green_taxi
475,2023-01-01 11:46:42,2023-01-01 11:58:41,74,43,1.0,1.95,10.0,0.0,0.5,0.0,0.0,,10.8,2.0,1.0,0.0,green_taxi
476,2023-01-01 11:10:46,2023-01-01 11:52:44,41,132,1.0,20.55,70.0,0.0,0.5,19.51,6.55,,97.56,1.0,1.0,0.0,green_taxi
477,2023-01-01 11:40:45,2023-01-01 11:59:08,74,239,6.0,3.36,20.5,0.0,0.5,1.2,0.0,,25.95,1.0,1.0,2.75,green_taxi
478,2023-01-01 11:32:40,2023-01-01 11:42:50,74,263,1.0,2.36,13.5,0.0,0.5,3.55,0.0,,21.3,1.0,1.0,2.75,green_taxi
479,2023-01-01 11:49:14,2023-01-01 12:07:20,262,231,1.0,7.8,33.1,0.0,0.5,8.0,0.0,,45.35,1.0,1.0,2.75,green_taxi
480,2023-01-01 11:22:00,2023-01-01 11:28:51,43,163,1.0,2.57,12.1,0.0,0.5,3.0,0.0,,19.35,1.0,1.0,2.75,green_taxi
481,2023-01-01 11:45:52,2023-01-01 12:02:29,75,138,1.0,8.24,33.8,5.0,0.5,11.71,6.55,,58.56,1.0,1.0,0.0,green_taxi
482,2023-01-01 11:26:46,2023-01-01 11:42:14,260,256,1.0,6.93,28.2,0.0,0.5,5.94,0.0,,35.64,1.0,1.0,0.0,green_taxi
483,2023-01-01 11:01:44,2023-01-01 11:10:16,95,28,1.0,1.71,11.4,0.0,0.5,2.58,0.0,,15.48,1.0,1.0,0.0,green_taxi
484,2023-01-01 11:49:16,2023-01-01 12:03:00,260,82,5.0,2.17,14.9,0.0,0.5,0.0,0.0,,16.4,1.0,1.0,0.0,green_taxi
485,2023-01-01 10:57:21,2023-01-01 11:10:49,236,137,1.0,4.15,19.1,0.0,0.5,4.67,0.0,,28.02,1.0,1.0,2.75,green_taxi
486,2023-01-01 12:11:05,2023-01-01 12:20:45,42,127,0.0,3.4,16.3,0.0,1.5,1.0,0.0,,18.8,1.0,1.0,0.0,green_taxi
487,2023-01-01 12:56:11,2023-01-01 13:01:06,75,236,0.0,1.2,7.2,2.75,1.5,3.4,0.0,,14.85,1.0,1.0,2.75,green_taxi
488,2023-01-01 12:18:30,2023-01-01 12:22:54,250,250,1.0,0.44,5.8,0.0,0.5,0.0,0.0,,7.3,2.0,1.0,0.0,green_taxi
489,2023-01-01 12:35:11,2023-01-01 12:40:50,95,134,1.0,1.1,7.9,0.0,0.5,0.0,0.0,,9.4,2.0,1.0,0.0,green_taxi
490,2023-01-01 12:31:10,2023-01-01 12:40:01,166,74,1.0,1.11,10.0,0.0,0.5,0.0,0.0,,11.5,2.0,1.0,0.0,green_taxi
491,2023-01-01 12:23:45,2023-01-01 12:28:56,74,236,1.0,1.59,8.6,0.0,0.5,3.86,0.0,,16.71,1.0,1.0,2.75,green_taxi
492,2023-01-01 12:07:09,2023-01-01 12:13:26,74,75,1.0,1.4,7.9,0.0,1.5,1.85,0.0,,11.25,1.0,1.0,0.0,green_taxi
493,2023-01-01 12:14:48,2023-01-01 12:24:40,75,262,1.0,2.1,11.4,2.75,1.5,0.0,0.0,,15.65,2.0,1.0,2.75,green_taxi
494,2023-01-01 12:49:35,2023-01-01 12:51:49,75,74,3.0,0.9,5.8,0.0,0.5,1.46,0.0,,8.76,1.0,1.0,0.0,green_taxi
495,2023-01-01 11:57:53,2023-01-01 12:14:21,116,236,2.0,4.97,24.0,0.0,0.5,5.65,0.0,,33.9,1.0,1.0,2.75,green_taxi
496,2023-01-01 12:22:25,2023-01-01 12:26:13,75,41,2.0,1.17,7.2,0.0,0.5,1.74,0.0,,10.44,1.0,1.0,0.0,green_taxi
497,2023-01-01 12:35:56,2023-01-01 12:45:46,42,194,1.0,3.2,15.6,0.0,0.5,4.73,6.55,,28.38,1.0,1.0,0.0,green_taxi
498,2023-01-01 12:53:42,2023-01-01 13:02:59,75,229,1.0,2.71,13.5,0.0,0.5,3.55,0.0,,21.3,1.0,1.0,2.75,green_taxi
499,2023-01-01 12:28:28,2023-01-01 12:35:54,74,263,1.0,2.08,10.7,0.0,0.5,2.99,0.0,,17.94,1.0,1.0,2.75,green_taxi
